model,max_depth,min_samples_leaf,min_samples_split,criterion,class_weight,random_state,cv_f1_macro_mean,cv_f1_macro_std,n_estimators
ExtraTrees,,1,,gini,,42,0.860367918419701,0.03936631322901355,100.0
ExtraTrees,,1,,gini,balanced,42,0.860367918419701,0.03936631322901355,100.0
ExtraTrees,,1,,gini,,42,0.8528260518685468,0.03624823329768346,200.0
ExtraTrees,,1,,gini,balanced,42,0.8528260518685468,0.03624823329768346,200.0
ExtraTrees,,1,,gini,,42,0.8526172359914532,0.038391632868710196,300.0
ExtraTrees,,1,,gini,balanced,42,0.8526172359914532,0.038391632868710196,300.0
ExtraTrees,,2,,entropy,,42,0.8515203878191994,0.038670793305721464,200.0
ExtraTrees,,2,,entropy,balanced,42,0.8515203878191994,0.038670793305721464,200.0
ExtraTrees,,1,,entropy,,42,0.8494388408729765,0.03348710142365108,100.0
ExtraTrees,,1,,entropy,balanced,42,0.8494388408729765,0.03348710142365108,100.0
RandomForest,5.0,3,,entropy,,42,0.8492236480482894,0.03644708835904273,100.0
RandomForest,5.0,3,,entropy,balanced,42,0.8492236480482894,0.03644708835904273,100.0
RandomForest,6.0,5,,entropy,,42,0.8492236480482894,0.03644708835904273,100.0
RandomForest,6.0,5,,entropy,balanced,42,0.8492236480482894,0.03644708835904273,100.0
ExtraTrees,6.0,1,,gini,,42,0.8488918882289725,0.037488093474178516,200.0
ExtraTrees,6.0,1,,gini,balanced,42,0.8488918882289725,0.037488093474178516,200.0
RandomForest,5.0,1,,entropy,,42,0.848728923955754,0.03218409700993927,100.0
RandomForest,5.0,1,,entropy,balanced,42,0.848728923955754,0.03218409700993927,100.0
RandomForest,4.0,2,,gini,,42,0.8465142728002144,0.03693448438033655,200.0
RandomForest,4.0,2,,gini,balanced,42,0.8465142728002144,0.03693448438033655,200.0
RandomForest,4.0,3,,gini,,42,0.8465142728002144,0.03693448438033655,200.0
RandomForest,4.0,3,,gini,balanced,42,0.8465142728002144,0.03693448438033655,200.0
RandomForest,4.0,5,,gini,,42,0.8465142728002144,0.03693448438033655,300.0
RandomForest,4.0,5,,gini,balanced,42,0.8465142728002144,0.03693448438033655,300.0
ExtraTrees,,3,,gini,,42,0.8464324346661058,0.039861009398816115,100.0
ExtraTrees,,3,,gini,balanced,42,0.8464324346661058,0.039861009398816115,100.0
RandomForest,5.0,5,,entropy,,42,0.8464055668091556,0.036970481608608295,100.0
RandomForest,5.0,5,,entropy,balanced,42,0.8464055668091556,0.036970481608608295,100.0
RandomForest,6.0,3,,entropy,,42,0.8463772302018715,0.03489605246945553,100.0
RandomForest,6.0,3,,entropy,balanced,42,0.8463772302018715,0.03489605246945553,100.0
ExtraTrees,,2,,gini,,42,0.846313382366014,0.04016297800277385,100.0
ExtraTrees,,2,,gini,balanced,42,0.846313382366014,0.04016297800277385,100.0
ExtraTrees,6.0,1,,gini,,42,0.8462249645094173,0.037114721867758646,100.0
ExtraTrees,6.0,1,,gini,balanced,42,0.8462249645094173,0.037114721867758646,100.0
ExtraTrees,,2,,entropy,,42,0.8461080726491044,0.042864393410049786,300.0
ExtraTrees,,2,,entropy,balanced,42,0.8461080726491044,0.042864393410049786,300.0
ExtraTrees,,2,,entropy,,42,0.8459838719303914,0.039976585882072174,100.0
ExtraTrees,,2,,entropy,balanced,42,0.8459838719303914,0.039976585882072174,100.0
ExtraTrees,,2,,gini,,42,0.8459341251083237,0.03606272725428121,200.0
ExtraTrees,,2,,gini,balanced,42,0.8459341251083237,0.03606272725428121,200.0
RandomForest,6.0,2,,gini,,42,0.8458559758196479,0.0327617620673609,100.0
RandomForest,6.0,2,,gini,balanced,42,0.8458559758196479,0.0327617620673609,100.0
ExtraTrees,6.0,1,,entropy,,42,0.8457888449943505,0.037126280963332495,200.0
ExtraTrees,6.0,1,,entropy,balanced,42,0.8457888449943505,0.037126280963332495,200.0
RandomForest,6.0,1,,gini,,42,0.8456011721437917,0.030558257751777125,300.0
RandomForest,6.0,1,,gini,balanced,42,0.8456011721437917,0.030558257751777125,300.0
ExtraTrees,6.0,1,,entropy,,42,0.8454558638870283,0.030205049403029365,100.0
ExtraTrees,6.0,1,,entropy,balanced,42,0.8454558638870283,0.030205049403029365,100.0
DecisionTree,4.0,5,2.0,gini,,42,0.8448316321942955,0.03472284769065667,
DecisionTree,4.0,5,2.0,gini,balanced,42,0.8448316321942955,0.03472284769065667,
DecisionTree,4.0,5,4.0,gini,,42,0.8448316321942955,0.03472284769065667,
DecisionTree,4.0,5,4.0,gini,balanced,42,0.8448316321942955,0.03472284769065667,
DecisionTree,4.0,5,6.0,gini,,42,0.8448316321942955,0.03472284769065667,
DecisionTree,4.0,5,6.0,gini,balanced,42,0.8448316321942955,0.03472284769065667,
DecisionTree,4.0,5,10.0,gini,,42,0.8448316321942955,0.03472284769065667,
DecisionTree,4.0,5,10.0,gini,balanced,42,0.8448316321942955,0.03472284769065667,
RandomForest,4.0,1,,entropy,,42,0.8438442033499592,0.035270442265550594,100.0
RandomForest,4.0,1,,entropy,balanced,42,0.8438442033499592,0.035270442265550594,100.0
RandomForest,4.0,2,,gini,,42,0.8438115700975117,0.03297387461389956,300.0
RandomForest,4.0,2,,gini,balanced,42,0.8438115700975117,0.03297387461389956,300.0
RandomForest,4.0,3,,gini,,42,0.8438115700975117,0.03297387461389956,300.0
RandomForest,4.0,3,,gini,balanced,42,0.8438115700975117,0.03297387461389956,300.0
RandomForest,5.0,5,,gini,,42,0.8437349262437781,0.03823435548798701,100.0
RandomForest,5.0,5,,gini,balanced,42,0.8437349262437781,0.03823435548798701,100.0
RandomForest,6.0,5,,gini,,42,0.8437349262437781,0.03823435548798701,100.0
RandomForest,6.0,5,,gini,balanced,42,0.8437349262437781,0.03823435548798701,100.0
RandomForest,4.0,5,,gini,,42,0.8437191209648148,0.03824574528730497,100.0
RandomForest,4.0,5,,gini,balanced,42,0.8437191209648148,0.03824574528730497,100.0
ExtraTrees,,3,,entropy,,42,0.843597005398788,0.04140151485080319,100.0
ExtraTrees,,3,,entropy,balanced,42,0.843597005398788,0.04140151485080319,100.0
RandomForest,5.0,3,,gini,,42,0.8435937615205701,0.035151955705737016,100.0
RandomForest,5.0,3,,gini,balanced,42,0.8435937615205701,0.035151955705737016,100.0
RandomForest,,3,,gini,,42,0.8435596703409679,0.035264599545263536,100.0
RandomForest,,3,,gini,balanced,42,0.8435596703409679,0.035264599545263536,100.0
DecisionTree,5.0,3,2.0,gini,,42,0.8435284574786577,0.053332218179208614,
DecisionTree,5.0,3,2.0,gini,balanced,42,0.8435284574786577,0.053332218179208614,
DecisionTree,5.0,3,4.0,gini,,42,0.8435284574786577,0.053332218179208614,
DecisionTree,5.0,3,4.0,gini,balanced,42,0.8435284574786577,0.053332218179208614,
DecisionTree,5.0,3,6.0,gini,,42,0.8435284574786577,0.053332218179208614,
DecisionTree,5.0,3,6.0,gini,balanced,42,0.8435284574786577,0.053332218179208614,
RandomForest,,5,,entropy,,42,0.843485055529511,0.03518075339902646,100.0
RandomForest,,5,,entropy,balanced,42,0.843485055529511,0.03518075339902646,100.0
ExtraTrees,,1,,entropy,,42,0.843417035900058,0.03955224657530558,300.0
ExtraTrees,,1,,entropy,balanced,42,0.843417035900058,0.03955224657530558,300.0
DecisionTree,5.0,2,2.0,entropy,,42,0.8433678453782942,0.0497085363385159,
DecisionTree,5.0,2,2.0,entropy,balanced,42,0.8433678453782942,0.0497085363385159,
DecisionTree,5.0,2,4.0,entropy,,42,0.8433678453782942,0.0497085363385159,
DecisionTree,5.0,2,4.0,entropy,balanced,42,0.8433678453782942,0.0497085363385159,
RandomForest,,1,,entropy,,42,0.8433050432157628,0.03473211411681472,100.0
RandomForest,,1,,entropy,balanced,42,0.8433050432157628,0.03473211411681472,100.0
RandomForest,5.0,1,,gini,,42,0.8433004876100103,0.024832010553316193,100.0
RandomForest,5.0,1,,gini,balanced,42,0.8433004876100103,0.024832010553316193,100.0
RandomForest,5.0,1,,gini,,42,0.8432499019402296,0.031461415165680906,200.0
RandomForest,5.0,1,,gini,balanced,42,0.8432499019402296,0.031461415165680906,200.0
RandomForest,6.0,1,,gini,,42,0.8431108530026187,0.027888889790670085,100.0
RandomForest,6.0,1,,gini,balanced,42,0.8431108530026187,0.027888889790670085,100.0
ExtraTrees,6.0,1,,gini,,42,0.843101947570611,0.03958050479907858,300.0
ExtraTrees,6.0,1,,gini,balanced,42,0.843101947570611,0.03958050479907858,300.0
ExtraTrees,,2,,gini,,42,0.8430050294144822,0.04132330353231648,300.0
ExtraTrees,,2,,gini,balanced,42,0.8430050294144822,0.04132330353231648,300.0
ExtraTrees,,3,,entropy,,42,0.8427758528695163,0.04245626073165807,200.0
ExtraTrees,,3,,entropy,balanced,42,0.8427758528695163,0.04245626073165807,200.0
ExtraTrees,,3,,entropy,,42,0.8427758528695163,0.04245626073165807,300.0
ExtraTrees,,3,,entropy,balanced,42,0.8427758528695163,0.04245626073165807,300.0
RandomForest,6.0,2,,entropy,,42,0.8427374917994612,0.030788818203928217,100.0
RandomForest,6.0,2,,entropy,balanced,42,0.8427374917994612,0.030788818203928217,100.0
ExtraTrees,6.0,1,,entropy,,42,0.8426256174465727,0.037817023721181814,300.0
ExtraTrees,6.0,1,,entropy,balanced,42,0.8426256174465727,0.037817023721181814,300.0
RandomForest,,2,,entropy,,42,0.8426001238730727,0.03194821035910559,200.0
RandomForest,,2,,entropy,balanced,42,0.8426001238730727,0.03194821035910559,200.0
RandomForest,,2,,gini,,42,0.8426001238730727,0.03194821035910559,300.0
RandomForest,,2,,gini,balanced,42,0.8426001238730727,0.03194821035910559,300.0
RandomForest,,2,,entropy,,42,0.8423800588503759,0.030945147270126025,300.0
RandomForest,,2,,entropy,balanced,42,0.8423800588503759,0.030945147270126025,300.0
RandomForest,,2,,entropy,,42,0.8421509502494222,0.03102347710025986,100.0
RandomForest,,2,,entropy,balanced,42,0.8421509502494222,0.03102347710025986,100.0
DecisionTree,5.0,1,2.0,gini,,42,0.8421281322005381,0.05153323153920182,
DecisionTree,5.0,1,2.0,gini,balanced,42,0.8421281322005381,0.05153323153920182,
DecisionTree,5.0,1,10.0,gini,,42,0.841761981168354,0.050844972357723325,
DecisionTree,5.0,1,10.0,gini,balanced,42,0.841761981168354,0.050844972357723325,
DecisionTree,5.0,1,10.0,entropy,,42,0.8415883127009289,0.05497132532566731,
DecisionTree,5.0,1,10.0,entropy,balanced,42,0.8415883127009289,0.05497132532566731,
DecisionTree,5.0,2,10.0,entropy,,42,0.8415883127009289,0.05497132532566731,
DecisionTree,5.0,2,10.0,entropy,balanced,42,0.8415883127009289,0.05497132532566731,
DecisionTree,5.0,2,6.0,entropy,,42,0.8413805836028425,0.051370614841160483,
DecisionTree,5.0,2,6.0,entropy,balanced,42,0.8413805836028425,0.051370614841160483,
RandomForest,6.0,5,,gini,,42,0.8410875420174465,0.04044306144946176,300.0
RandomForest,6.0,5,,gini,balanced,42,0.8410875420174465,0.04044306144946176,300.0
RandomForest,4.0,5,,gini,,42,0.8410648567935229,0.03642625157882636,200.0
RandomForest,4.0,5,,gini,balanced,42,0.8410648567935229,0.03642625157882636,200.0
RandomForest,5.0,3,,entropy,,42,0.841020470727465,0.037569888066054005,300.0
RandomForest,5.0,3,,entropy,balanced,42,0.841020470727465,0.037569888066054005,300.0
RandomForest,4.0,2,,entropy,,42,0.8409977855035414,0.03433257002125225,200.0
RandomForest,4.0,2,,entropy,balanced,42,0.8409977855035414,0.03433257002125225,200.0
DecisionTree,5.0,2,10.0,gini,,42,0.8409466277924696,0.06170681939991739,
DecisionTree,5.0,2,10.0,gini,balanced,42,0.8409466277924696,0.06170681939991739,
RandomForest,5.0,5,,entropy,,42,0.8409117647364062,0.037589392716948056,200.0
RandomForest,5.0,5,,entropy,balanced,42,0.8409117647364062,0.037589392716948056,200.0
RandomForest,6.0,3,,entropy,,42,0.8408211886551179,0.03666036395139073,200.0
RandomForest,6.0,3,,entropy,balanced,42,0.8408211886551179,0.03666036395139073,200.0
RandomForest,5.0,5,,gini,,42,0.8408052965339626,0.036287608683693996,200.0
RandomForest,5.0,5,,gini,balanced,42,0.8408052965339626,0.036287608683693996,200.0
RandomForest,4.0,5,,entropy,,42,0.8407412536680621,0.03449434246652131,100.0
RandomForest,4.0,5,,entropy,balanced,42,0.8407412536680621,0.03449434246652131,100.0
RandomForest,5.0,2,,gini,,42,0.8405477523535299,0.029476687885407894,100.0
RandomForest,5.0,2,,gini,balanced,42,0.8405477523535299,0.029476687885407894,100.0
RandomForest,5.0,1,,gini,,42,0.8405471992375269,0.02636845969994022,300.0
RandomForest,5.0,1,,gini,balanced,42,0.8405471992375269,0.02636845969994022,300.0
RandomForest,4.0,1,,gini,,42,0.8404299808567893,0.03425577294799979,200.0
RandomForest,4.0,1,,gini,balanced,42,0.8404299808567893,0.03425577294799979,200.0
RandomForest,5.0,3,,gini,,42,0.8404299808567893,0.03425577294799979,200.0
RandomForest,5.0,3,,gini,balanced,42,0.8404299808567893,0.03425577294799979,200.0
RandomForest,6.0,3,,gini,,42,0.8404299808567893,0.03425577294799979,200.0
RandomForest,6.0,3,,gini,balanced,42,0.8404299808567893,0.03425577294799979,200.0
RandomForest,4.0,1,,entropy,,42,0.8404299808567893,0.03425577294799979,300.0
RandomForest,4.0,1,,entropy,balanced,42,0.8404299808567893,0.03425577294799979,300.0
RandomForest,,3,,entropy,,42,0.8404275349719906,0.034579967789974485,100.0
RandomForest,,3,,entropy,balanced,42,0.8404275349719906,0.034579967789974485,100.0
DecisionTree,5.0,3,10.0,gini,,42,0.8403881924498476,0.05578848088626777,
DecisionTree,5.0,3,10.0,gini,balanced,42,0.8403881924498476,0.05578848088626777,
ExtraTrees,6.0,2,,entropy,,42,0.8403514636653003,0.04319110760744325,100.0
ExtraTrees,6.0,2,,entropy,balanced,42,0.8403514636653003,0.04319110760744325,100.0
RandomForest,,2,,gini,,42,0.8403010729709559,0.029076143599775162,200.0
RandomForest,,2,,gini,balanced,42,0.8403010729709559,0.029076143599775162,200.0
RandomForest,6.0,3,,gini,,42,0.8402664079687583,0.034293749138845905,100.0
RandomForest,6.0,3,,gini,balanced,42,0.8402664079687583,0.034293749138845905,100.0
DecisionTree,5.0,1,4.0,entropy,,42,0.8402231246019947,0.05217983434818144,
DecisionTree,5.0,1,4.0,entropy,balanced,42,0.8402231246019947,0.05217983434818144,
RandomForest,5.0,1,,entropy,,42,0.8402083838175669,0.034513314079571866,300.0
RandomForest,5.0,1,,entropy,balanced,42,0.8402083838175669,0.034513314079571866,300.0
RandomForest,5.0,1,,entropy,,42,0.8401541507757176,0.031998867152090035,200.0
RandomForest,5.0,1,,entropy,balanced,42,0.8401541507757176,0.031998867152090035,200.0
RandomForest,5.0,2,,gini,,42,0.8401530653411958,0.026933122308042415,300.0
RandomForest,5.0,2,,gini,balanced,42,0.8401530653411958,0.026933122308042415,300.0
DecisionTree,5.0,1,2.0,entropy,,42,0.8401306703691729,0.039642797386728636,
DecisionTree,5.0,1,2.0,entropy,balanced,42,0.8401306703691729,0.039642797386728636,
DecisionTree,5.0,1,6.0,gini,,42,0.839086046828333,0.04500515145626203,
DecisionTree,5.0,1,6.0,gini,balanced,42,0.839086046828333,0.04500515145626203,
DecisionTree,5.0,1,6.0,entropy,,42,0.8386578188212542,0.054040887792179956,
DecisionTree,5.0,1,6.0,entropy,balanced,42,0.8386578188212542,0.054040887792179956,
DecisionTree,5.0,3,2.0,entropy,,42,0.8385976257369924,0.03991107760579603,
DecisionTree,5.0,3,2.0,entropy,balanced,42,0.8385976257369924,0.03991107760579603,
DecisionTree,5.0,3,4.0,entropy,,42,0.8385976257369924,0.03991107760579603,
DecisionTree,5.0,3,4.0,entropy,balanced,42,0.8385976257369924,0.03991107760579603,
DecisionTree,5.0,3,6.0,entropy,,42,0.8385976257369924,0.03991107760579603,
DecisionTree,5.0,3,6.0,entropy,balanced,42,0.8385976257369924,0.03991107760579603,
RandomForest,5.0,5,,entropy,,42,0.8383295208383726,0.043316413056560255,300.0
RandomForest,5.0,5,,entropy,balanced,42,0.8383295208383726,0.043316413056560255,300.0
RandomForest,4.0,3,,gini,,42,0.8382230094005919,0.02952596945317995,100.0
RandomForest,4.0,3,,gini,balanced,42,0.8382230094005919,0.02952596945317995,100.0
RandomForest,4.0,2,,entropy,,42,0.8381940868639294,0.032040907750996224,100.0
RandomForest,4.0,2,,entropy,balanced,42,0.8381940868639294,0.032040907750996224,100.0
RandomForest,6.0,5,,gini,,42,0.838167030737802,0.038411553157564164,200.0
RandomForest,6.0,5,,gini,balanced,42,0.838167030737802,0.038411553157564164,200.0
RandomForest,5.0,5,,gini,,42,0.838157912307631,0.03840643322203412,300.0
RandomForest,5.0,5,,gini,balanced,42,0.838157912307631,0.03840643322203412,300.0
RandomForest,6.0,5,,entropy,,42,0.8381339869586283,0.03850317170944717,300.0
RandomForest,6.0,5,,entropy,balanced,42,0.8381339869586283,0.03850317170944717,300.0
RandomForest,4.0,1,,entropy,,42,0.8381069534950623,0.0294784485335261,200.0
RandomForest,4.0,1,,entropy,balanced,42,0.8381069534950623,0.0294784485335261,200.0
RandomForest,,5,,gini,,42,0.8380598935254018,0.0384611211308872,200.0
RandomForest,,5,,gini,balanced,42,0.8380598935254018,0.0384611211308872,200.0
RandomForest,5.0,3,,entropy,,42,0.8380564949306718,0.029465396840626924,200.0
RandomForest,5.0,3,,entropy,balanced,42,0.8380564949306718,0.029465396840626924,200.0
RandomForest,4.0,2,,entropy,,42,0.8380503717202142,0.035380876153664635,300.0
RandomForest,4.0,2,,entropy,balanced,42,0.8380503717202142,0.035380876153664635,300.0
RandomForest,4.0,3,,entropy,,42,0.8380385509653594,0.029694686797254767,100.0
RandomForest,4.0,3,,entropy,balanced,42,0.8380385509653594,0.029694686797254767,100.0
ExtraTrees,,1,,entropy,,42,0.8380291138712691,0.03776333596328424,200.0
ExtraTrees,,1,,entropy,balanced,42,0.8380291138712691,0.03776333596328424,200.0
RandomForest,,5,,entropy,,42,0.8380031074159839,0.03653834861090528,200.0
RandomForest,,5,,entropy,balanced,42,0.8380031074159839,0.03653834861090528,200.0
RandomForest,,1,,gini,,42,0.8377280420667492,0.038185310805403556,300.0
RandomForest,,1,,gini,balanced,42,0.8377280420667492,0.038185310805403556,300.0
RandomForest,4.0,1,,gini,,42,0.8377272781540868,0.029388606403123387,300.0
RandomForest,4.0,1,,gini,balanced,42,0.8377272781540868,0.029388606403123387,300.0
RandomForest,6.0,1,,entropy,,42,0.8376661764029436,0.02157468581576619,100.0
RandomForest,6.0,1,,entropy,balanced,42,0.8376661764029436,0.02157468581576619,100.0
RandomForest,6.0,1,,gini,,42,0.8376042230902163,0.029098690247463897,200.0
RandomForest,6.0,1,,gini,balanced,42,0.8376042230902163,0.029098690247463897,200.0
RandomForest,,1,,entropy,,42,0.8375373975603464,0.030034811989798696,200.0
RandomForest,,1,,entropy,balanced,42,0.8375373975603464,0.030034811989798696,200.0
DecisionTree,5.0,2,6.0,gini,,42,0.8375342056292675,0.05729881701349827,
DecisionTree,5.0,2,6.0,gini,balanced,42,0.8375342056292675,0.05729881701349827,
ExtraTrees,,3,,gini,,42,0.8375270326206958,0.03835120834100953,200.0
ExtraTrees,,3,,gini,balanced,42,0.8375270326206958,0.03835120834100953,200.0
ExtraTrees,,3,,gini,,42,0.8375270326206958,0.03835120834100953,300.0
ExtraTrees,,3,,gini,balanced,42,0.8375270326206958,0.03835120834100953,300.0
DecisionTree,6.0,1,2.0,gini,,42,0.8375078786751115,0.045887506801896585,
DecisionTree,6.0,1,2.0,gini,balanced,42,0.8375078786751115,0.045887506801896585,
RandomForest,,3,,gini,,42,0.8375049580556055,0.03538243050274105,200.0
RandomForest,,3,,gini,balanced,42,0.8375049580556055,0.03538243050274105,200.0
ExtraTrees,,5,,entropy,,42,0.8373371188215639,0.0430392929920996,300.0
ExtraTrees,,5,,entropy,balanced,42,0.8373371188215639,0.0430392929920996,300.0
RandomForest,5.0,3,,gini,,42,0.8372667533090118,0.034515531458976206,300.0
RandomForest,5.0,3,,gini,balanced,42,0.8372667533090118,0.034515531458976206,300.0
RandomForest,6.0,3,,gini,,42,0.8372667533090118,0.034515531458976206,300.0
RandomForest,6.0,3,,gini,balanced,42,0.8372667533090118,0.034515531458976206,300.0
DecisionTree,5.0,2,2.0,gini,,42,0.8372437124799055,0.06268421556155887,
DecisionTree,5.0,2,2.0,gini,balanced,42,0.8372437124799055,0.06268421556155887,
DecisionTree,5.0,2,4.0,gini,,42,0.8372437124799055,0.06268421556155887,
DecisionTree,5.0,2,4.0,gini,balanced,42,0.8372437124799055,0.06268421556155887,
ExtraTrees,,5,,entropy,,42,0.8371956379115822,0.04681245428133925,200.0
ExtraTrees,,5,,entropy,balanced,42,0.8371956379115822,0.04681245428133925,200.0
RandomForest,6.0,1,,entropy,,42,0.8371949265471436,0.026811797345050088,200.0
RandomForest,6.0,1,,entropy,balanced,42,0.8371949265471436,0.026811797345050088,200.0
RandomForest,6.0,1,,entropy,,42,0.8371949265471436,0.026811797345050088,300.0
RandomForest,6.0,1,,entropy,balanced,42,0.8371949265471436,0.026811797345050088,300.0
RandomForest,,3,,gini,,42,0.8371864620832096,0.03451132687279498,300.0
RandomForest,,3,,gini,balanced,42,0.8371864620832096,0.03451132687279498,300.0
RandomForest,6.0,2,,gini,,42,0.8371595035241046,0.03531411974635728,200.0
RandomForest,6.0,2,,gini,balanced,42,0.8371595035241046,0.03531411974635728,200.0
RandomForest,6.0,2,,gini,,42,0.8367451267127937,0.03347604983059808,300.0
RandomForest,6.0,2,,gini,balanced,42,0.8367451267127937,0.03347604983059808,300.0
DecisionTree,5.0,5,2.0,gini,,42,0.8362648032599445,0.03297522548373969,
DecisionTree,5.0,5,2.0,gini,balanced,42,0.8362648032599445,0.03297522548373969,
DecisionTree,5.0,5,4.0,gini,,42,0.8362648032599445,0.03297522548373969,
DecisionTree,5.0,5,4.0,gini,balanced,42,0.8362648032599445,0.03297522548373969,
DecisionTree,5.0,5,6.0,gini,,42,0.8362648032599445,0.03297522548373969,
DecisionTree,5.0,5,6.0,gini,balanced,42,0.8362648032599445,0.03297522548373969,
DecisionTree,5.0,5,10.0,gini,,42,0.8362648032599445,0.03297522548373969,
DecisionTree,5.0,5,10.0,gini,balanced,42,0.8362648032599445,0.03297522548373969,
RandomForest,4.0,5,,entropy,,42,0.835592380098136,0.039542133908828284,300.0
RandomForest,4.0,5,,entropy,balanced,42,0.835592380098136,0.039542133908828284,300.0
DecisionTree,5.0,3,10.0,entropy,,42,0.8355357851983717,0.04311330399753299,
DecisionTree,5.0,3,10.0,entropy,balanced,42,0.8355357851983717,0.04311330399753299,
RandomForest,4.0,1,,gini,,42,0.8354436628441555,0.030387564669352128,100.0
RandomForest,4.0,1,,gini,balanced,42,0.8354436628441555,0.030387564669352128,100.0
RandomForest,4.0,2,,gini,,42,0.8354436628441555,0.030387564669352128,100.0
RandomForest,4.0,2,,gini,balanced,42,0.8354436628441555,0.030387564669352128,100.0
RandomForest,4.0,3,,entropy,,42,0.8353844941936556,0.036376373268269306,300.0
RandomForest,4.0,3,,entropy,balanced,42,0.8353844941936556,0.036376373268269306,300.0
RandomForest,4.0,5,,entropy,,42,0.8353358482626568,0.039647715380042504,200.0
RandomForest,4.0,5,,entropy,balanced,42,0.8353358482626568,0.039647715380042504,200.0
RandomForest,4.0,3,,entropy,,42,0.8353291757172846,0.02927338484372625,200.0
RandomForest,4.0,3,,entropy,balanced,42,0.8353291757172846,0.02927338484372625,200.0
RandomForest,5.0,2,,entropy,,42,0.8351643996237158,0.03728654000974066,300.0
RandomForest,5.0,2,,entropy,balanced,42,0.8351643996237158,0.03728654000974066,300.0
RandomForest,,5,,gini,,42,0.8351259928283431,0.037163957809608794,300.0
RandomForest,,5,,gini,balanced,42,0.8351259928283431,0.037163957809608794,300.0
RandomForest,6.0,3,,entropy,,42,0.835070775497584,0.036411454394400605,300.0
RandomForest,6.0,3,,entropy,balanced,42,0.835070775497584,0.036411454394400605,300.0
RandomForest,,5,,entropy,,42,0.8350166728119024,0.03641859380176317,300.0
RandomForest,,5,,entropy,balanced,42,0.8350166728119024,0.03641859380176317,300.0
DecisionTree,6.0,1,4.0,gini,,42,0.8349660026120628,0.03976194791844885,
DecisionTree,6.0,1,4.0,gini,balanced,42,0.8349660026120628,0.03976194791844885,
ExtraTrees,,5,,gini,,42,0.8348951163795615,0.04598788826862337,300.0
ExtraTrees,,5,,gini,balanced,42,0.8348951163795615,0.04598788826862337,300.0
RandomForest,5.0,2,,entropy,,42,0.8348509881260938,0.03517022050605931,200.0
RandomForest,5.0,2,,entropy,balanced,42,0.8348509881260938,0.03517022050605931,200.0
RandomForest,6.0,5,,entropy,,42,0.8348328917457684,0.03642308026947753,200.0
RandomForest,6.0,5,,entropy,balanced,42,0.8348328917457684,0.03642308026947753,200.0
DecisionTree,4.0,1,2.0,gini,,42,0.8346758180218193,0.02797510990303517,
DecisionTree,4.0,1,2.0,gini,balanced,42,0.8346758180218193,0.02797510990303517,
RandomForest,5.0,2,,entropy,,42,0.8345279245767362,0.03520140943935427,100.0
RandomForest,5.0,2,,entropy,balanced,42,0.8345279245767362,0.03520140943935427,100.0
RandomForest,,1,,entropy,,42,0.8345243776242988,0.036371550232894206,300.0
RandomForest,,1,,entropy,balanced,42,0.8345243776242988,0.036371550232894206,300.0
RandomForest,,3,,entropy,,42,0.8345008294904563,0.03567268484987269,200.0
RandomForest,,3,,entropy,balanced,42,0.8345008294904563,0.03567268484987269,200.0
RandomForest,,1,,gini,,42,0.8344737958617184,0.04552414743477429,200.0
RandomForest,,1,,gini,balanced,42,0.8344737958617184,0.04552414743477429,200.0
RandomForest,5.0,2,,gini,,42,0.8344568008214018,0.030325583319377417,200.0
RandomForest,5.0,2,,gini,balanced,42,0.8344568008214018,0.030325583319377417,200.0
RandomForest,,1,,gini,,42,0.8344532174604332,0.028069567029962574,100.0
RandomForest,,1,,gini,balanced,42,0.8344532174604332,0.028069567029962574,100.0
RandomForest,,3,,entropy,,42,0.8343466451035362,0.035913318127631176,300.0
RandomForest,,3,,entropy,balanced,42,0.8343466451035362,0.035913318127631176,300.0
RandomForest,6.0,2,,entropy,,42,0.8339792028942383,0.034626274502315486,300.0
RandomForest,6.0,2,,entropy,balanced,42,0.8339792028942383,0.034626274502315486,300.0
DecisionTree,4.0,1,2.0,entropy,,42,0.8337297124681026,0.020174914144633477,
DecisionTree,4.0,1,2.0,entropy,balanced,42,0.8337297124681026,0.020174914144633477,
DecisionTree,5.0,1,4.0,gini,,42,0.8336021902922433,0.05378619480877886,
DecisionTree,5.0,1,4.0,gini,balanced,42,0.8336021902922433,0.05378619480877886,
DecisionTree,4.0,2,6.0,gini,,42,0.8333795424312666,0.03603193100862186,
DecisionTree,4.0,2,6.0,gini,balanced,42,0.8333795424312666,0.03603193100862186,
DecisionTree,4.0,2,10.0,gini,,42,0.8333795424312666,0.03603193100862186,
DecisionTree,4.0,2,10.0,gini,balanced,42,0.8333795424312666,0.03603193100862186,
ExtraTrees,,5,,entropy,,42,0.8323998712427503,0.04650958339302554,100.0
ExtraTrees,,5,,entropy,balanced,42,0.8323998712427503,0.04650958339302554,100.0
ExtraTrees,6.0,2,,gini,,42,0.832189114267807,0.047850175405802976,100.0
ExtraTrees,6.0,2,,gini,balanced,42,0.832189114267807,0.047850175405802976,100.0
ExtraTrees,6.0,2,,entropy,,42,0.832152215424746,0.0480218267753593,200.0
ExtraTrees,6.0,2,,entropy,balanced,42,0.832152215424746,0.0480218267753593,200.0
ExtraTrees,6.0,3,,entropy,,42,0.8321407850626116,0.04999741353789229,100.0
ExtraTrees,6.0,3,,entropy,balanced,42,0.8321407850626116,0.04999741353789229,100.0
ExtraTrees,,5,,gini,,42,0.8320421149639415,0.050024439403910964,200.0
ExtraTrees,,5,,gini,balanced,42,0.8320421149639415,0.050024439403910964,200.0
ExtraTrees,5.0,5,,gini,,42,0.8320128247875924,0.05017958519965907,200.0
ExtraTrees,5.0,5,,gini,balanced,42,0.8320128247875924,0.05017958519965907,200.0
RandomForest,,5,,gini,,42,0.8318338068581387,0.038863860471871736,100.0
RandomForest,,5,,gini,balanced,42,0.8318338068581387,0.038863860471871736,100.0
ExtraTrees,5.0,5,,entropy,,42,0.8317747295494973,0.050245253579789276,200.0
ExtraTrees,5.0,5,,entropy,balanced,42,0.8317747295494973,0.050245253579789276,200.0
ExtraTrees,6.0,3,,gini,,42,0.8317402542209045,0.050717117502784,200.0
ExtraTrees,6.0,3,,gini,balanced,42,0.8317402542209045,0.050717117502784,200.0
ExtraTrees,6.0,3,,entropy,,42,0.8317402542209045,0.050717117502784,200.0
ExtraTrees,6.0,3,,entropy,balanced,42,0.8317402542209045,0.050717117502784,200.0
DecisionTree,4.0,1,6.0,gini,,42,0.8316285298429523,0.031319226161386424,
DecisionTree,4.0,1,6.0,gini,balanced,42,0.8316285298429523,0.031319226161386424,
DecisionTree,4.0,1,10.0,gini,,42,0.8316285298429523,0.031319226161386424,
DecisionTree,4.0,1,10.0,gini,balanced,42,0.8316285298429523,0.031319226161386424,
RandomForest,,2,,gini,,42,0.8315784184821723,0.024032140840112046,100.0
RandomForest,,2,,gini,balanced,42,0.8315784184821723,0.024032140840112046,100.0
DecisionTree,4.0,2,2.0,gini,,42,0.8313601685970108,0.04070926620935014,
DecisionTree,4.0,2,2.0,gini,balanced,42,0.8313601685970108,0.04070926620935014,
DecisionTree,4.0,2,4.0,gini,,42,0.8313601685970108,0.04070926620935014,
DecisionTree,4.0,2,4.0,gini,balanced,42,0.8313601685970108,0.04070926620935014,
RandomForest,6.0,2,,entropy,,42,0.8313318186679067,0.03634693755337344,200.0
RandomForest,6.0,2,,entropy,balanced,42,0.8313318186679067,0.03634693755337344,200.0
ExtraTrees,5.0,2,,gini,,42,0.8295886808386808,0.04114774171662916,100.0
ExtraTrees,5.0,2,,gini,balanced,42,0.8295886808386808,0.04114774171662916,100.0
DecisionTree,4.0,3,2.0,gini,,42,0.8295081583976021,0.03828162777018514,
DecisionTree,4.0,3,2.0,gini,balanced,42,0.8295081583976021,0.03828162777018514,
DecisionTree,4.0,3,4.0,gini,,42,0.8295081583976021,0.03828162777018514,
DecisionTree,4.0,3,4.0,gini,balanced,42,0.8295081583976021,0.03828162777018514,
DecisionTree,4.0,3,6.0,gini,,42,0.8295081583976021,0.03828162777018514,
DecisionTree,4.0,3,6.0,gini,balanced,42,0.8295081583976021,0.03828162777018514,
DecisionTree,4.0,3,10.0,gini,,42,0.8295081583976021,0.03828162777018514,
DecisionTree,4.0,3,10.0,gini,balanced,42,0.8295081583976021,0.03828162777018514,
ExtraTrees,5.0,3,,entropy,,42,0.8294552078027312,0.05379827869855451,100.0
ExtraTrees,5.0,3,,entropy,balanced,42,0.8294552078027312,0.05379827869855451,100.0
ExtraTrees,,5,,gini,,42,0.8294212708957291,0.05386873064136119,100.0
ExtraTrees,,5,,gini,balanced,42,0.8294212708957291,0.05386873064136119,100.0
ExtraTrees,6.0,2,,entropy,,42,0.8293975956500027,0.04766371494304911,300.0
ExtraTrees,6.0,2,,entropy,balanced,42,0.8293975956500027,0.04766371494304911,300.0
ExtraTrees,5.0,3,,gini,,42,0.8293575053907872,0.054449141889216714,200.0
ExtraTrees,5.0,3,,gini,balanced,42,0.8293575053907872,0.054449141889216714,200.0
ExtraTrees,5.0,3,,entropy,,42,0.8293575053907872,0.054449141889216714,200.0
ExtraTrees,5.0,3,,entropy,balanced,42,0.8293575053907872,0.054449141889216714,200.0
ExtraTrees,6.0,5,,entropy,,42,0.8293219487143636,0.04108374548196137,300.0
ExtraTrees,6.0,5,,entropy,balanced,42,0.8293219487143636,0.04108374548196137,300.0
ExtraTrees,5.0,2,,entropy,,42,0.8293106714125837,0.03803074158215896,100.0
ExtraTrees,5.0,2,,entropy,balanced,42,0.8293106714125837,0.03803074158215896,100.0
ExtraTrees,5.0,2,,entropy,,42,0.8292690889793605,0.05145742704095094,300.0
ExtraTrees,5.0,2,,entropy,balanced,42,0.8292690889793605,0.05145742704095094,300.0
ExtraTrees,6.0,5,,gini,,42,0.8292391980665975,0.05390805433703178,300.0
ExtraTrees,6.0,5,,gini,balanced,42,0.8292391980665975,0.05390805433703178,300.0
ExtraTrees,6.0,2,,gini,,42,0.829203315107425,0.05168911910706179,200.0
ExtraTrees,6.0,2,,gini,balanced,42,0.829203315107425,0.05168911910706179,200.0
ExtraTrees,6.0,3,,gini,,42,0.8291185409437032,0.0513796266955578,300.0
ExtraTrees,6.0,3,,gini,balanced,42,0.8291185409437032,0.0513796266955578,300.0
ExtraTrees,5.0,1,,gini,,42,0.8290282503150621,0.05447301988207909,200.0
ExtraTrees,5.0,1,,gini,balanced,42,0.8290282503150621,0.05447301988207909,200.0
ExtraTrees,5.0,1,,entropy,,42,0.8289861511572039,0.050334247267390886,300.0
ExtraTrees,5.0,1,,entropy,balanced,42,0.8289861511572039,0.050334247267390886,300.0
ExtraTrees,4.0,2,,entropy,,42,0.8289544641731647,0.0545828875882782,200.0
ExtraTrees,4.0,2,,entropy,balanced,42,0.8289544641731647,0.0545828875882782,200.0
ExtraTrees,5.0,5,,entropy,,42,0.8288036346666378,0.04799741467479746,300.0
ExtraTrees,5.0,5,,entropy,balanced,42,0.8288036346666378,0.04799741467479746,300.0
ExtraTrees,5.0,3,,gini,,42,0.8287158352329879,0.05458249404864167,300.0
ExtraTrees,5.0,3,,gini,balanced,42,0.8287158352329879,0.05458249404864167,300.0
ExtraTrees,6.0,2,,gini,,42,0.8268725338292751,0.050808198153025515,300.0
ExtraTrees,6.0,2,,gini,balanced,42,0.8268725338292751,0.050808198153025515,300.0
ExtraTrees,5.0,1,,entropy,,42,0.8268397422615689,0.04094107893266013,200.0
ExtraTrees,5.0,1,,entropy,balanced,42,0.8268397422615689,0.04094107893266013,200.0
ExtraTrees,4.0,1,,entropy,,42,0.8268066296956089,0.04671216936221463,100.0
ExtraTrees,4.0,1,,entropy,balanced,42,0.8268066296956089,0.04671216936221463,100.0
ExtraTrees,5.0,2,,gini,,42,0.8268053613936818,0.050893013272280914,200.0
ExtraTrees,5.0,2,,gini,balanced,42,0.8268053613936818,0.050893013272280914,200.0
ExtraTrees,6.0,3,,gini,,42,0.8266226422147476,0.053972644146187194,100.0
ExtraTrees,6.0,3,,gini,balanced,42,0.8266226422147476,0.053972644146187194,100.0
ExtraTrees,6.0,5,,entropy,,42,0.8266055430800014,0.05094922085256962,100.0
ExtraTrees,6.0,5,,entropy,balanced,42,0.8266055430800014,0.05094922085256962,100.0
ExtraTrees,6.0,5,,gini,,42,0.8265748530493113,0.049330975444257436,200.0
ExtraTrees,6.0,5,,gini,balanced,42,0.8265748530493113,0.049330975444257436,200.0
ExtraTrees,4.0,2,,gini,,42,0.8265671962846886,0.049469847964829616,200.0
ExtraTrees,4.0,2,,gini,balanced,42,0.8265671962846886,0.049469847964829616,200.0
DecisionTree,4.0,1,4.0,gini,,42,0.8263863443376088,0.033285255566154616,
DecisionTree,4.0,1,4.0,gini,balanced,42,0.8263863443376088,0.033285255566154616,
ExtraTrees,5.0,2,,gini,,42,0.8263768358239492,0.05233156123692559,300.0
ExtraTrees,5.0,2,,gini,balanced,42,0.8263768358239492,0.05233156123692559,300.0
ExtraTrees,5.0,1,,entropy,,42,0.8263685506816785,0.04694999424903978,100.0
ExtraTrees,5.0,1,,entropy,balanced,42,0.8263685506816785,0.04694999424903978,100.0
ExtraTrees,5.0,1,,gini,,42,0.8263644378800027,0.05085996011029457,300.0
ExtraTrees,5.0,1,,gini,balanced,42,0.8263644378800027,0.05085996011029457,300.0
ExtraTrees,4.0,2,,entropy,,42,0.8262221903693341,0.05103822204405324,300.0
ExtraTrees,4.0,2,,entropy,balanced,42,0.8262221903693341,0.05103822204405324,300.0
ExtraTrees,4.0,3,,gini,,42,0.8262160647319788,0.0512335220803672,200.0
ExtraTrees,4.0,3,,gini,balanced,42,0.8262160647319788,0.0512335220803672,200.0
ExtraTrees,4.0,3,,entropy,,42,0.8262160647319788,0.0512335220803672,200.0
ExtraTrees,4.0,3,,entropy,balanced,42,0.8262160647319788,0.0512335220803672,200.0
ExtraTrees,5.0,3,,entropy,,42,0.8261171183268707,0.059103986016984786,300.0
ExtraTrees,5.0,3,,entropy,balanced,42,0.8261171183268707,0.059103986016984786,300.0
ExtraTrees,5.0,5,,gini,,42,0.8259672350887521,0.0584803492913295,100.0
ExtraTrees,5.0,5,,gini,balanced,42,0.8259672350887521,0.0584803492913295,100.0
ExtraTrees,4.0,5,,entropy,,42,0.8257614145117739,0.04765619976901568,300.0
ExtraTrees,4.0,5,,entropy,balanced,42,0.8257614145117739,0.04765619976901568,300.0
DecisionTree,5.0,5,2.0,entropy,,42,0.8257067738224582,0.037024703843194284,
DecisionTree,5.0,5,2.0,entropy,balanced,42,0.8257067738224582,0.037024703843194284,
DecisionTree,5.0,5,4.0,entropy,,42,0.8257067738224582,0.037024703843194284,
DecisionTree,5.0,5,4.0,entropy,balanced,42,0.8257067738224582,0.037024703843194284,
DecisionTree,5.0,5,6.0,entropy,,42,0.8257067738224582,0.037024703843194284,
DecisionTree,5.0,5,6.0,entropy,balanced,42,0.8257067738224582,0.037024703843194284,
DecisionTree,5.0,5,10.0,entropy,,42,0.8257067738224582,0.037024703843194284,
DecisionTree,5.0,5,10.0,entropy,balanced,42,0.8257067738224582,0.037024703843194284,
ExtraTrees,4.0,3,,gini,,42,0.8240777203645322,0.04619921880143213,100.0
ExtraTrees,4.0,3,,gini,balanced,42,0.8240777203645322,0.04619921880143213,100.0
ExtraTrees,5.0,3,,gini,,42,0.8240599005188788,0.045623333268958136,100.0
ExtraTrees,5.0,3,,gini,balanced,42,0.8240599005188788,0.045623333268958136,100.0
ExtraTrees,5.0,2,,entropy,,42,0.8239589435472638,0.045901109510778526,200.0
ExtraTrees,5.0,2,,entropy,balanced,42,0.8239589435472638,0.045901109510778526,200.0
ExtraTrees,4.0,3,,entropy,,42,0.8238693674162413,0.05096104844719028,100.0
ExtraTrees,4.0,3,,entropy,balanced,42,0.8238693674162413,0.05096104844719028,100.0
ExtraTrees,6.0,5,,entropy,,42,0.8236463473653876,0.0501718387382729,200.0
ExtraTrees,6.0,5,,entropy,balanced,42,0.8236463473653876,0.0501718387382729,200.0
ExtraTrees,6.0,5,,gini,,42,0.8235017024993805,0.05062425931435657,100.0
ExtraTrees,6.0,5,,gini,balanced,42,0.8235017024993805,0.05062425931435657,100.0
ExtraTrees,4.0,5,,gini,,42,0.8233971537610557,0.04536248001250969,200.0
ExtraTrees,4.0,5,,gini,balanced,42,0.8233971537610557,0.04536248001250969,200.0
ExtraTrees,6.0,3,,entropy,,42,0.8233087461865403,0.05080506726273882,300.0
ExtraTrees,6.0,3,,entropy,balanced,42,0.8233087461865403,0.05080506726273882,300.0
ExtraTrees,4.0,1,,entropy,,42,0.8233064078536214,0.054853310251020776,300.0
ExtraTrees,4.0,1,,entropy,balanced,42,0.8233064078536214,0.054853310251020776,300.0
DecisionTree,4.0,1,4.0,entropy,,42,0.8232990750637811,0.03323821269225451,
DecisionTree,4.0,1,4.0,entropy,balanced,42,0.8232990750637811,0.03323821269225451,
DecisionTree,4.0,1,6.0,entropy,,42,0.8232990750637811,0.03323821269225451,
DecisionTree,4.0,1,6.0,entropy,balanced,42,0.8232990750637811,0.03323821269225451,
DecisionTree,4.0,1,10.0,entropy,,42,0.8232990750637811,0.03323821269225451,
DecisionTree,4.0,1,10.0,entropy,balanced,42,0.8232990750637811,0.03323821269225451,
DecisionTree,4.0,2,2.0,entropy,,42,0.8232990750637811,0.03323821269225451,
DecisionTree,4.0,2,2.0,entropy,balanced,42,0.8232990750637811,0.03323821269225451,
DecisionTree,4.0,2,4.0,entropy,,42,0.8232990750637811,0.03323821269225451,
DecisionTree,4.0,2,4.0,entropy,balanced,42,0.8232990750637811,0.03323821269225451,
DecisionTree,4.0,2,6.0,entropy,,42,0.8232990750637811,0.03323821269225451,
DecisionTree,4.0,2,6.0,entropy,balanced,42,0.8232990750637811,0.03323821269225451,
DecisionTree,4.0,2,10.0,entropy,,42,0.8232990750637811,0.03323821269225451,
DecisionTree,4.0,2,10.0,entropy,balanced,42,0.8232990750637811,0.03323821269225451,
ExtraTrees,4.0,5,,entropy,,42,0.8231439970218309,0.050541901687124094,200.0
ExtraTrees,4.0,5,,entropy,balanced,42,0.8231439970218309,0.050541901687124094,200.0
ExtraTrees,4.0,2,,entropy,,42,0.8214651780479955,0.03641645706694165,100.0
ExtraTrees,4.0,2,,entropy,balanced,42,0.8214651780479955,0.03641645706694165,100.0
ExtraTrees,5.0,1,,gini,,42,0.8214554910670785,0.04651493097613665,100.0
ExtraTrees,5.0,1,,gini,balanced,42,0.8214554910670785,0.04651493097613665,100.0
ExtraTrees,5.0,5,,gini,,42,0.8211681694382934,0.045794381233241886,300.0
ExtraTrees,5.0,5,,gini,balanced,42,0.8211681694382934,0.045794381233241886,300.0
ExtraTrees,4.0,2,,gini,,42,0.8210107229906842,0.0462790523449096,300.0
ExtraTrees,4.0,2,,gini,balanced,42,0.8210107229906842,0.0462790523449096,300.0
ExtraTrees,4.0,1,,entropy,,42,0.8207136774494057,0.05212940431448982,200.0
ExtraTrees,4.0,1,,entropy,balanced,42,0.8207136774494057,0.05212940431448982,200.0
ExtraTrees,4.0,1,,gini,,42,0.8206703258271068,0.05218974470240618,200.0
ExtraTrees,4.0,1,,gini,balanced,42,0.8206703258271068,0.05218974470240618,200.0
DecisionTree,6.0,1,2.0,entropy,,42,0.8206698874021979,0.0191214915939595,
DecisionTree,6.0,1,2.0,entropy,balanced,42,0.8206698874021979,0.0191214915939595,
ExtraTrees,4.0,5,,gini,,42,0.8205130234561822,0.046874153064912785,300.0
ExtraTrees,4.0,5,,gini,balanced,42,0.8205130234561822,0.046874153064912785,300.0
ExtraTrees,4.0,3,,gini,,42,0.8203545198325932,0.05179513637989638,300.0
ExtraTrees,4.0,3,,gini,balanced,42,0.8203545198325932,0.05179513637989638,300.0
ExtraTrees,4.0,3,,entropy,,42,0.8203545198325932,0.05179513637989638,300.0
ExtraTrees,4.0,3,,entropy,balanced,42,0.8203545198325932,0.05179513637989638,300.0
ExtraTrees,4.0,2,,gini,,42,0.8186139078179213,0.038181690359510516,100.0
ExtraTrees,4.0,2,,gini,balanced,42,0.8186139078179213,0.038181690359510516,100.0
ExtraTrees,4.0,1,,gini,,42,0.817848878977447,0.056462235664862616,300.0
ExtraTrees,4.0,1,,gini,balanced,42,0.817848878977447,0.056462235664862616,300.0
DecisionTree,6.0,1,4.0,entropy,,42,0.8177110393117708,0.02543509870415587,
DecisionTree,6.0,1,4.0,entropy,balanced,42,0.8177110393117708,0.02543509870415587,
ExtraTrees,4.0,5,,entropy,,42,0.8175172512461384,0.0476070499898677,100.0
ExtraTrees,4.0,5,,entropy,balanced,42,0.8175172512461384,0.0476070499898677,100.0
DecisionTree,4.0,3,2.0,entropy,,42,0.817103768240041,0.03090818541590469,
DecisionTree,4.0,3,2.0,entropy,balanced,42,0.817103768240041,0.03090818541590469,
DecisionTree,4.0,3,4.0,entropy,,42,0.817103768240041,0.03090818541590469,
DecisionTree,4.0,3,4.0,entropy,balanced,42,0.817103768240041,0.03090818541590469,
DecisionTree,4.0,3,6.0,entropy,,42,0.817103768240041,0.03090818541590469,
DecisionTree,4.0,3,6.0,entropy,balanced,42,0.817103768240041,0.03090818541590469,
DecisionTree,4.0,3,10.0,entropy,,42,0.817103768240041,0.03090818541590469,
DecisionTree,4.0,3,10.0,entropy,balanced,42,0.817103768240041,0.03090818541590469,
ExtraTrees,4.0,1,,gini,,42,0.8149398286919357,0.04168812874255315,100.0
ExtraTrees,4.0,1,,gini,balanced,42,0.8149398286919357,0.04168812874255315,100.0
ExtraTrees,4.0,5,,gini,,42,0.8144711429368723,0.049815815620535275,100.0
ExtraTrees,4.0,5,,gini,balanced,42,0.8144711429368723,0.049815815620535275,100.0
DecisionTree,3.0,3,2.0,entropy,,42,0.8132564447837094,0.02139045378962044,
DecisionTree,3.0,3,2.0,entropy,balanced,42,0.8132564447837094,0.02139045378962044,
DecisionTree,3.0,3,4.0,entropy,,42,0.8132564447837094,0.02139045378962044,
DecisionTree,3.0,3,4.0,entropy,balanced,42,0.8132564447837094,0.02139045378962044,
DecisionTree,3.0,3,6.0,entropy,,42,0.8132564447837094,0.02139045378962044,
DecisionTree,3.0,3,6.0,entropy,balanced,42,0.8132564447837094,0.02139045378962044,
DecisionTree,3.0,3,10.0,entropy,,42,0.8132564447837094,0.02139045378962044,
DecisionTree,3.0,3,10.0,entropy,balanced,42,0.8132564447837094,0.02139045378962044,
DecisionTree,4.0,5,2.0,entropy,,42,0.8129270028773574,0.030483074854505156,
DecisionTree,4.0,5,2.0,entropy,balanced,42,0.8129270028773574,0.030483074854505156,
DecisionTree,4.0,5,4.0,entropy,,42,0.8129270028773574,0.030483074854505156,
DecisionTree,4.0,5,4.0,entropy,balanced,42,0.8129270028773574,0.030483074854505156,
DecisionTree,4.0,5,6.0,entropy,,42,0.8129270028773574,0.030483074854505156,
DecisionTree,4.0,5,6.0,entropy,balanced,42,0.8129270028773574,0.030483074854505156,
DecisionTree,4.0,5,10.0,entropy,,42,0.8129270028773574,0.030483074854505156,
DecisionTree,4.0,5,10.0,entropy,balanced,42,0.8129270028773574,0.030483074854505156,
DecisionTree,3.0,1,2.0,entropy,,42,0.810619368157069,0.021238244868577942,
DecisionTree,3.0,1,2.0,entropy,balanced,42,0.810619368157069,0.021238244868577942,
DecisionTree,3.0,1,4.0,entropy,,42,0.810619368157069,0.021238244868577942,
DecisionTree,3.0,1,4.0,entropy,balanced,42,0.810619368157069,0.021238244868577942,
DecisionTree,3.0,1,6.0,entropy,,42,0.810619368157069,0.021238244868577942,
DecisionTree,3.0,1,6.0,entropy,balanced,42,0.810619368157069,0.021238244868577942,
DecisionTree,3.0,1,10.0,entropy,,42,0.810619368157069,0.021238244868577942,
DecisionTree,3.0,1,10.0,entropy,balanced,42,0.810619368157069,0.021238244868577942,
DecisionTree,3.0,2,2.0,entropy,,42,0.810619368157069,0.021238244868577942,
DecisionTree,3.0,2,2.0,entropy,balanced,42,0.810619368157069,0.021238244868577942,
DecisionTree,3.0,2,4.0,entropy,,42,0.810619368157069,0.021238244868577942,
DecisionTree,3.0,2,4.0,entropy,balanced,42,0.810619368157069,0.021238244868577942,
DecisionTree,3.0,2,6.0,entropy,,42,0.810619368157069,0.021238244868577942,
DecisionTree,3.0,2,6.0,entropy,balanced,42,0.810619368157069,0.021238244868577942,
DecisionTree,3.0,2,10.0,entropy,,42,0.810619368157069,0.021238244868577942,
DecisionTree,3.0,2,10.0,entropy,balanced,42,0.810619368157069,0.021238244868577942,
DecisionTree,3.0,1,2.0,gini,,42,0.810210050760077,0.02162065489977849,
DecisionTree,3.0,1,2.0,gini,balanced,42,0.810210050760077,0.02162065489977849,
DecisionTree,3.0,1,4.0,gini,,42,0.810210050760077,0.02162065489977849,
DecisionTree,3.0,1,4.0,gini,balanced,42,0.810210050760077,0.02162065489977849,
DecisionTree,3.0,1,6.0,gini,,42,0.810210050760077,0.02162065489977849,
DecisionTree,3.0,1,6.0,gini,balanced,42,0.810210050760077,0.02162065489977849,
DecisionTree,3.0,1,10.0,gini,,42,0.810210050760077,0.02162065489977849,
DecisionTree,3.0,1,10.0,gini,balanced,42,0.810210050760077,0.02162065489977849,
DecisionTree,3.0,2,2.0,gini,,42,0.810210050760077,0.02162065489977849,
DecisionTree,3.0,2,2.0,gini,balanced,42,0.810210050760077,0.02162065489977849,
DecisionTree,3.0,2,4.0,gini,,42,0.810210050760077,0.02162065489977849,
DecisionTree,3.0,2,4.0,gini,balanced,42,0.810210050760077,0.02162065489977849,
DecisionTree,3.0,2,6.0,gini,,42,0.810210050760077,0.02162065489977849,
DecisionTree,3.0,2,6.0,gini,balanced,42,0.810210050760077,0.02162065489977849,
DecisionTree,3.0,2,10.0,gini,,42,0.810210050760077,0.02162065489977849,
DecisionTree,3.0,2,10.0,gini,balanced,42,0.810210050760077,0.02162065489977849,
DecisionTree,3.0,3,2.0,gini,,42,0.8100442980321638,0.02528090910423768,
DecisionTree,3.0,3,2.0,gini,balanced,42,0.8100442980321638,0.02528090910423768,
DecisionTree,3.0,3,4.0,gini,,42,0.8100442980321638,0.02528090910423768,
DecisionTree,3.0,3,4.0,gini,balanced,42,0.8100442980321638,0.02528090910423768,
DecisionTree,3.0,3,6.0,gini,,42,0.8100442980321638,0.02528090910423768,
DecisionTree,3.0,3,6.0,gini,balanced,42,0.8100442980321638,0.02528090910423768,
DecisionTree,3.0,3,10.0,gini,,42,0.8100442980321638,0.02528090910423768,
DecisionTree,3.0,3,10.0,gini,balanced,42,0.8100442980321638,0.02528090910423768,
ExtraTrees,5.0,5,,entropy,,42,0.8095817112849696,0.04644172513819707,100.0
ExtraTrees,5.0,5,,entropy,balanced,42,0.8095817112849696,0.04644172513819707,100.0
DecisionTree,3.0,5,2.0,entropy,,42,0.8044972580390215,0.024845100739840385,
DecisionTree,3.0,5,2.0,entropy,balanced,42,0.8044972580390215,0.024845100739840385,
DecisionTree,3.0,5,4.0,entropy,,42,0.8044972580390215,0.024845100739840385,
DecisionTree,3.0,5,4.0,entropy,balanced,42,0.8044972580390215,0.024845100739840385,
DecisionTree,3.0,5,6.0,entropy,,42,0.8044972580390215,0.024845100739840385,
DecisionTree,3.0,5,6.0,entropy,balanced,42,0.8044972580390215,0.024845100739840385,
DecisionTree,3.0,5,10.0,entropy,,42,0.8044972580390215,0.024845100739840385,
DecisionTree,3.0,5,10.0,entropy,balanced,42,0.8044972580390215,0.024845100739840385,
DecisionTree,3.0,5,2.0,gini,,42,0.8012285867396723,0.027300645389900825,
DecisionTree,3.0,5,2.0,gini,balanced,42,0.8012285867396723,0.027300645389900825,
DecisionTree,3.0,5,4.0,gini,,42,0.8012285867396723,0.027300645389900825,
DecisionTree,3.0,5,4.0,gini,balanced,42,0.8012285867396723,0.027300645389900825,
DecisionTree,3.0,5,6.0,gini,,42,0.8012285867396723,0.027300645389900825,
DecisionTree,3.0,5,6.0,gini,balanced,42,0.8012285867396723,0.027300645389900825,
DecisionTree,3.0,5,10.0,gini,,42,0.8012285867396723,0.027300645389900825,
DecisionTree,3.0,5,10.0,gini,balanced,42,0.8012285867396723,0.027300645389900825,
