problem_1,file_1,problem_2,file_2,GroundTruth,S_token,S_AST,S_PDG,pdg_valid,S_structure,unixcoder_cosine,unixcoder_l2,unixcoder_manhattan
p1,s1.cpp,p1,s10.cpp,1,1.0,0.9848,1.0,1,1.0,0.9998,0.0188,0.3996
p1,s1.cpp,p1,s11.cpp,1,1.0,1.0,1.0,1,1.0,0.9766,0.2163,4.5793
p1,s1.cpp,p1,s12.cpp,1,1.0,1.0,1.0,1,0.9231,0.8933,0.4621,5.6609
p1,s1.cpp,p1,s13.cpp,1,1.0,0.9954,1.0,1,1.0,1.0,0.0,0.0
p1,s1.cpp,p1,s14.cpp,1,1.0,0.9727,1.0,1,1.0,1.0,0.0,0.0
p1,s1.cpp,p1,s15.cpp,1,1.0,1.0,1.0,1,1.0,0.9792,0.2038,4.2202
p1,s1.cpp,p1,s16.cpp,1,1.0,1.0,1.0,1,1.0,0.9868,0.1627,3.483
p1,s1.cpp,p1,s17.cpp,1,1.0,0.9401,1.0,1,1.0,1.0,0.0,0.0
p1,s1.cpp,p1,s18.cpp,1,1.0,1.0,1.0,1,1.0,1.0,0.0,0.0
p1,s1.cpp,p1,s19.cpp,1,1.0,0.9939,1.0,1,1.0,1.0,0.0,0.0
p1,s1.cpp,p1,s20.cpp,1,1.0,1.0,1.0,1,1.0,0.9292,0.3764,8.4034
p1,s1.cpp,p1,s21.cpp,1,1.0,1.0,1.0,1,1.0,0.8968,0.4543,10.1081
p1,s1.cpp,p1,s22.cpp,1,1.0,0.9803,1.0,1,1.0,0.9217,0.3959,8.8109
p1,s1.cpp,p1,s23.cpp,1,1.0,1.0,1.0,1,1.0,0.8697,0.5106,11.0319
p1,s1.cpp,p1,s24.cpp,1,1.0,1.0,1.0,1,1.0,0.9131,0.4168,9.2211
p1,s1.cpp,p1,s25.cpp,1,1.0,1.0,1.0,1,1.0,0.948,0.3224,7.1064
p1,s1.cpp,p1,s26.cpp,1,1.0,0.9683,1.0,1,1.0,0.8991,0.4492,9.8515
p1,s1.cpp,p1,s27.cpp,1,1.0,1.0,1.0,1,1.0,0.9359,0.358,7.9584
p1,s1.cpp,p1,s28.cpp,1,1.0,1.0,1.0,1,1.0,0.9924,0.123,2.7147
p1,s1.cpp,p1,s29.cpp,1,0.9012345679012346,0.9584,1.0,1,0.9231,0.6971,0.7784,13.8582
p1,s1.cpp,p1,s30.cpp,1,0.8862275449101796,0.9606,0.8461,1,0.9527,0.9929,0.1189,2.5708
p1,s1.cpp,p1,s31.cpp,1,0.8862275449101796,0.9606,0.8461,1,0.9527,0.9026,0.4414,9.8527
p1,s1.cpp,p1,s32.cpp,1,0.9005847953216374,0.9188,1.0,1,0.9021,0.9838,0.1799,3.9509
p1,s1.cpp,p1,s33.cpp,1,0.9176470588235294,0.9551,0.8078,1,0.948,0.9901,0.1406,2.9967
p1,s1.cpp,p1,s34.cpp,1,0.7804878048780488,0.8892,1.0,1,0.8705,0.8827,0.4844,10.6485
p1,s1.cpp,p1,s35.cpp,1,1.0,0.9757,1.0,1,1.0,0.9915,0.13,2.7469
p1,s1.cpp,p1,s36.cpp,1,0.935672514619883,0.948,0.9611,1,0.9298,0.8991,0.4491,9.9978
p1,s1.cpp,p1,s37.cpp,1,0.8953488372093024,0.9365,0.8184,1,0.9264,0.9436,0.336,7.3003
p1,s1.cpp,p1,s38.cpp,1,0.6708074534161491,0.8518,0.7636,1,0.8155,0.952,0.3099,6.4508
p1,s1.cpp,p1,s39.cpp,1,1.0,0.9954,1.0,1,1.0,0.9097,0.4249,9.4109
p1,s1.cpp,p1,s40.cpp,1,0.7672955974842768,0.8801,0.62,1,0.928,0.9454,0.3303,7.1835
p1,s1.cpp,p1,s41.cpp,1,0.6770833333333334,0.7733,0.7219,1,0.8695,0.893,0.4625,9.8686
p1,s1.cpp,p1,s42.cpp,1,1.0,0.9727,0.7018,1,1.0,0.9829,0.1848,4.0651
p1,s1.cpp,p1,s43.cpp,1,0.616822429906542,0.6725,0.7023,1,0.7989,0.8407,0.5644,12.4348
p1,s1.cpp,p1,s44.cpp,1,0.7672955974842768,0.8774,0.62,1,0.928,0.8286,0.5854,12.739
p1,s1.cpp,p1,s45.cpp,1,0.8571428571428571,0.8815,0.7638,1,0.8967,0.9465,0.327,7.0992
p1,s1.cpp,p1,s46.cpp,1,0.680628272251309,0.7685,0.7219,1,0.8617,0.8467,0.5537,12.1483
p1,s1.cpp,p1,s47.cpp,1,0.7058823529411765,0.7942,0.6349,1,0.879,0.8369,0.5711,12.3109
p1,s1.cpp,p1,s48.cpp,1,0.7861271676300579,0.8478,0.7514,1,0.898,0.9434,0.3364,7.3198
p1,s1.cpp,p1,s49.cpp,1,0.6082949308755761,0.6444,0.701,1,0.7927,0.8517,0.5446,11.01
p3,s1.cpp,p3,s10.cpp,1,1.0,0.9926,1.0,1,1.0,0.989,0.1482,3.1748
p3,s1.cpp,p3,s11.cpp,1,1.0,1.0,1.0,1,0.948,0.9346,0.3617,5.689
p3,s1.cpp,p3,s12.cpp,1,1.0,0.9703,1.0,1,1.0,0.9709,0.2414,5.066
p3,s1.cpp,p3,s13.cpp,1,1.0,0.9826,1.0,1,0.948,0.9783,0.2082,4.3283
p3,s1.cpp,p3,s14.cpp,1,1.0,1.0,1.0,1,0.948,0.8301,0.583,9.8664
p3,s1.cpp,p3,s15.cpp,1,1.0,0.9926,1.0,1,1.0,0.9928,0.1203,2.5551
p3,s1.cpp,p3,s16.cpp,1,1.0,1.0,1.0,1,0.948,0.9601,0.2823,5.8672
p3,s1.cpp,p3,s17.cpp,1,1.0,0.9703,1.0,1,1.0,0.9986,0.0537,1.1812
p3,s1.cpp,p3,s18.cpp,1,1.0,0.9926,1.0,1,1.0,0.9951,0.0985,2.1017
p3,s1.cpp,p3,s19.cpp,1,1.0,0.9926,1.0,1,1.0,0.9914,0.1313,2.8836
p3,s1.cpp,p3,s20.cpp,1,1.0,1.0,1.0,1,1.0,0.8039,0.6262,13.6829
p3,s1.cpp,p3,s21.cpp,1,1.0,1.0,1.0,1,0.948,0.7644,0.6864,13.7702
p3,s1.cpp,p3,s22.cpp,1,0.7884615384615384,0.9161,0.7954,1,0.8688,0.9868,0.1627,3.4531
p3,s1.cpp,p3,s23.cpp,1,0.9074074074074074,0.9333,1.0,1,0.9346,0.7797,0.6638,14.2667
p3,s1.cpp,p3,s24.cpp,1,0.7387387387387387,0.8381,0.6817,1,0.8425,0.8518,0.5444,12.0153
p3,s1.cpp,p3,s25.cpp,1,0.6605504587155964,0.8157,0.52,1,0.8184,0.8181,0.6032,13.2002
p3,s1.cpp,p3,s26.cpp,1,0.8712871287128713,0.963,0.7954,1,0.9363,0.7964,0.6381,13.9196
p3,s1.cpp,p3,s27.cpp,1,0.5833333333333334,0.7051,0.7121,1,0.7975,0.8494,0.5488,12.2421
p3,s1.cpp,p3,s28.cpp,1,1.0,0.9926,1.0,1,1.0,0.8271,0.588,12.8404
p3,s1.cpp,p3,s29.cpp,1,0.6857142857142857,0.8043,0.0,0,0.7405,0.9378,0.3527,7.6521
p3,s1.cpp,p3,s30.cpp,1,0.7692307692307693,0.9294,0.7954,1,0.9,0.987,0.1615,3.4448
p3,s1.cpp,p3,s31.cpp,1,0.9074074074074074,0.9311,1.0,1,0.9346,0.9864,0.1648,3.6006
p3,s1.cpp,p3,s32.cpp,1,0.8288288288288288,0.899,0.7811,1,0.8869,0.9926,0.1216,2.6572
p3,s1.cpp,p3,s33.cpp,1,0.8155339805825242,0.9415,0.7856,1,0.8737,0.7971,0.637,14.0654
p3,s1.cpp,p3,s34.cpp,1,0.9615384615384616,0.9469,1.0,1,0.9454,0.8444,0.5578,11.9813
p3,s1.cpp,p3,s35.cpp,1,0.7962962962962963,0.907,0.7952,1,0.8446,0.8586,0.5318,11.6264
p3,s1.cpp,p3,s36.cpp,1,0.8990825688073395,0.9417,1.0,1,0.9209,0.8946,0.4592,10.0289
p3,s1.cpp,p3,s37.cpp,1,0.8623853211009175,0.8926,1.0,1,0.8749,0.8346,0.5752,12.6344
p3,s1.cpp,p3,s38.cpp,1,0.7407407407407407,0.8967,0.929,1,0.844,0.9129,0.4173,9.1166
p3,s1.cpp,p3,s39.cpp,1,0.8712871287128713,0.963,0.7954,1,0.9363,0.8234,0.5943,13.0859
p3,s1.cpp,p3,s40.cpp,1,0.7387387387387387,0.8381,0.6817,1,0.8425,0.8714,0.5071,11.2745
p3,s1.cpp,p3,s41.cpp,1,0.5833333333333334,0.7051,0.7121,1,0.7975,0.7761,0.6692,15.0579
p3,s1.cpp,p3,s42.cpp,1,0.6605504587155964,0.8157,0.52,1,0.8184,0.8136,0.6105,13.2886
p3,s1.cpp,p3,s43.cpp,1,0.5038167938931297,0.6936,0.7211,1,0.7318,0.8154,0.6077,12.8418
p3,s1.cpp,p3,s44.cpp,1,0.6324786324786325,0.808,0.6882,1,0.732,0.8489,0.5498,11.9651
p3,s1.cpp,p3,s45.cpp,1,0.6037735849056604,0.8029,0.5217,1,0.8054,0.8165,0.6059,12.9775
p3,s1.cpp,p3,s46.cpp,1,0.5892857142857143,0.7703,0.7112,1,0.7418,0.7938,0.6422,14.1254
p3,s1.cpp,p3,s47.cpp,1,0.5423728813559322,0.6774,0.6701,1,0.7473,0.8043,0.6256,12.8954
p3,s1.cpp,p3,s48.cpp,1,0.6666666666666666,0.8247,0.52,1,0.7938,0.8108,0.6152,13.3799
p3,s1.cpp,p3,s49.cpp,1,0.5656565656565656,0.7184,0.62,1,0.7929,0.7529,0.7031,15.6176
p5,s1.cpp,p5,s10.cpp,1,1.0,0.9816,1.0,1,1.0,1.0,0.0,0.0
p5,s1.cpp,p5,s11.cpp,1,1.0,0.9814,1.0,1,1.0,0.9955,0.0952,2.1053
p5,s1.cpp,p5,s12.cpp,1,0.9850746268656716,0.972,1.0,1,0.9939,0.9952,0.0976,2.0775
p5,s1.cpp,p5,s13.cpp,1,1.0,0.9829,1.0,1,1.0,0.9984,0.0562,1.2086
p5,s1.cpp,p5,s14.cpp,1,1.0,0.9647,1.0,1,1.0,0.9945,0.1046,2.205
p5,s1.cpp,p5,s15.cpp,1,1.0,0.9846,1.0,1,1.0,1.0,0.0,0.0
p5,s1.cpp,p5,s16.cpp,1,1.0,0.9831,1.0,1,1.0,0.9907,0.1362,2.8768
p5,s1.cpp,p5,s17.cpp,1,0.9850746268656716,0.9625,1.0,1,0.8665,0.8235,0.5941,8.1346
p5,s1.cpp,p5,s18.cpp,1,1.0,0.9829,1.0,1,1.0,1.0,0.0,0.0
p5,s1.cpp,p5,s19.cpp,1,1.0,0.9831,1.0,1,1.0,0.9981,0.0621,1.3187
p5,s1.cpp,p5,s20.cpp,1,1.0,0.9814,1.0,1,1.0,0.9152,0.4118,8.9834
p5,s1.cpp,p5,s21.cpp,1,0.9850746268656716,0.9691,1.0,1,0.9939,0.9426,0.3389,7.4218
p5,s1.cpp,p5,s22.cpp,1,0.9850746268656716,0.972,1.0,1,0.9939,0.8872,0.475,10.68
p5,s1.cpp,p5,s23.cpp,1,0.9850746268656716,0.972,1.0,1,0.9939,0.9163,0.4092,8.9446
p5,s1.cpp,p5,s24.cpp,1,0.9850746268656716,0.9625,1.0,1,0.9795,0.9225,0.3936,8.6251
p5,s1.cpp,p5,s25.cpp,1,0.9850746268656716,0.9706,1.0,1,0.9939,0.8847,0.4803,10.5136
p5,s1.cpp,p5,s26.cpp,1,0.9850746268656716,0.9625,1.0,1,0.9795,0.9147,0.413,8.9238
p5,s1.cpp,p5,s27.cpp,1,0.9850746268656716,0.9706,1.0,1,0.9939,0.8927,0.4632,9.9792
p5,s1.cpp,p5,s28.cpp,1,0.9850746268656716,0.972,1.0,1,0.9939,0.9158,0.4103,9.0532
p5,s1.cpp,p5,s29.cpp,1,0.9850746268656716,0.9721,1.0,1,0.9939,0.8858,0.4778,10.1225
p5,s1.cpp,p5,s30.cpp,1,0.8108108108108109,0.7762,0.6725,1,0.7762,0.9378,0.3528,7.64
p5,s1.cpp,p5,s31.cpp,1,0.8702290076335878,0.9632,1.0,1,0.9705,0.9859,0.1678,3.6877
p5,s1.cpp,p5,s32.cpp,1,0.8108108108108109,0.7749,0.6725,1,0.7762,0.8721,0.5058,11.0069
p5,s1.cpp,p5,s33.cpp,1,0.896551724137931,0.8863,1.0,1,0.9082,0.9523,0.309,6.8536
p5,s1.cpp,p5,s34.cpp,1,0.900763358778626,0.8961,1.0,1,0.9098,0.9879,0.1557,3.4193
p5,s1.cpp,p5,s35.cpp,1,0.78125,0.8851,1.0,1,0.9083,0.9173,0.4066,8.81
p5,s1.cpp,p5,s36.cpp,1,0.8382352941176471,0.8588,1.0,1,0.8836,0.992,0.1261,2.6832
p5,s1.cpp,p5,s37.cpp,1,0.6575342465753424,0.7325,0.6725,1,0.6995,0.8001,0.6323,13.7688
p5,s1.cpp,p5,s38.cpp,1,0.8169014084507042,0.9104,1.0,1,0.9063,0.9027,0.4412,9.6719
p5,s1.cpp,p5,s39.cpp,1,0.6712328767123288,0.7287,0.6767,1,0.7326,0.848,0.5513,11.9623
p5,s1.cpp,p5,s40.cpp,1,0.5324675324675324,0.7168,0.7302,1,0.7531,0.8946,0.4592,10.1703
p5,s1.cpp,p5,s41.cpp,1,0.4523809523809524,0.6745,0.698,1,0.755,0.8859,0.4778,10.5275
p5,s1.cpp,p5,s42.cpp,1,0.6293706293706294,0.7575,0.6932,1,0.7118,0.8932,0.4621,10.198
p5,s1.cpp,p5,s43.cpp,1,0.6122448979591837,0.7294,0.6932,1,0.6728,0.8644,0.5208,11.2628
p5,s1.cpp,p5,s44.cpp,1,0.5526315789473685,0.717,0.624,1,0.7464,0.8503,0.5471,12.0741
p5,s1.cpp,p5,s45.cpp,1,0.6,0.6587,0.7534,1,0.6633,0.8537,0.5409,11.7202
p5,s1.cpp,p5,s46.cpp,1,0.5176470588235295,0.6935,0.5948,1,0.6347,0.8296,0.5839,12.8741
p5,s1.cpp,p5,s47.cpp,1,0.4678362573099415,0.6591,0.7016,1,0.7533,0.8505,0.5467,12.1203
p5,s1.cpp,p5,s48.cpp,1,0.5222929936305732,0.7228,0.7302,1,0.7951,0.8458,0.5553,12.117
p5,s1.cpp,p5,s49.cpp,1,0.5405405405405406,0.7403,0.6912,1,0.6895,0.8514,0.5451,11.9495
p10,s1.cpp,p10,s10.cpp,1,1.0,1.0,1.0,1,1.0,0.998,0.0631,1.3664
p10,s1.cpp,p10,s11.cpp,1,1.0,1.0,1.0,1,1.0,0.9296,0.3753,4.7635
p10,s1.cpp,p10,s12.cpp,1,1.0,1.0,1.0,1,1.0,0.9988,0.0499,1.0213
p10,s1.cpp,p10,s13.cpp,1,1.0,0.994,1.0,1,1.0,0.9952,0.0977,2.0111
p10,s1.cpp,p10,s14.cpp,1,1.0,1.0,1.0,1,0.9167,0.8827,0.4844,5.4687
p10,s1.cpp,p10,s15.cpp,1,1.0,1.0,1.0,1,1.0,0.9939,0.1106,2.4381
p10,s1.cpp,p10,s16.cpp,1,1.0,1.0,1.0,1,1.0,0.9969,0.0785,1.735
p10,s1.cpp,p10,s17.cpp,1,1.0,1.0,1.0,1,1.0,0.9931,0.1178,2.5751
p10,s1.cpp,p10,s18.cpp,1,1.0,1.0,1.0,1,1.0,0.9942,0.1079,2.4051
p10,s1.cpp,p10,s19.cpp,1,1.0,0.9947,1.0,1,1.0,0.9974,0.0721,1.5569
p10,s1.cpp,p10,s20.cpp,1,0.9859154929577464,0.9468,0.9445,1,0.9574,0.9066,0.4323,9.45
p10,s1.cpp,p10,s21.cpp,1,0.9383886255924172,0.936,0.9368,1,0.8437,0.8096,0.6171,10.9824
p10,s1.cpp,p10,s22.cpp,1,0.9622641509433962,0.9429,0.9572,1,0.9816,0.9328,0.3666,8.0042
p10,s1.cpp,p10,s23.cpp,1,0.986046511627907,0.9542,0.9715,1,0.9894,0.9391,0.349,7.4114
p10,s1.cpp,p10,s24.cpp,1,0.9859154929577464,0.9601,0.9572,1,0.9898,0.9444,0.3334,7.3854
p10,s1.cpp,p10,s25.cpp,1,0.9622641509433962,0.9436,0.9572,1,0.9816,0.931,0.3715,8.0804
p10,s1.cpp,p10,s26.cpp,1,0.976525821596244,0.9509,0.9572,1,0.9077,0.8238,0.5937,9.0252
p10,s1.cpp,p10,s27.cpp,1,0.97196261682243,0.9454,0.9715,1,0.9841,0.9037,0.4389,9.652
p10,s1.cpp,p10,s28.cpp,1,0.9622641509433962,0.9387,0.9562,1,0.9823,0.9421,0.3404,7.5447
p10,s1.cpp,p10,s29.cpp,1,0.9953488372093025,0.968,0.9715,1,0.9872,0.9136,0.4156,9.2163
p10,s1.cpp,p10,s30.cpp,1,0.7889908256880734,0.895,0.947,1,0.9154,0.9804,0.1979,4.2329
p10,s1.cpp,p10,s31.cpp,1,0.7889908256880734,0.895,0.947,1,0.9154,0.9403,0.3456,7.6474
p10,s1.cpp,p10,s32.cpp,1,0.8959276018099548,0.8853,0.9435,1,0.905,0.975,0.2237,4.8428
p10,s1.cpp,p10,s33.cpp,1,0.7333333333333333,0.8405,0.9516,1,0.8866,0.9728,0.2332,4.97
p10,s1.cpp,p10,s34.cpp,1,0.9014084507042254,0.9129,0.9292,1,0.9617,0.9793,0.2034,4.3151
p10,s1.cpp,p10,s35.cpp,1,0.7777777777777778,0.8118,0.8804,1,0.8821,0.969,0.2492,5.2744
p10,s1.cpp,p10,s36.cpp,1,0.7466666666666667,0.8526,0.9232,1,0.8235,0.9619,0.2759,5.9999
p10,s1.cpp,p10,s37.cpp,1,0.8036529680365296,0.8984,0.946,1,0.8757,0.7939,0.642,10.136
p10,s1.cpp,p10,s38.cpp,1,0.8127853881278538,0.8829,0.9435,1,0.9524,0.9759,0.2195,4.8074
p10,s1.cpp,p10,s39.cpp,1,0.7705627705627706,0.8661,0.947,1,0.9134,0.9407,0.3445,7.5126
p10,s1.cpp,p10,s40.cpp,1,0.4340425531914894,0.6492,0.8973,1,0.6217,0.9327,0.3669,8.1704
p10,s1.cpp,p10,s41.cpp,1,0.65,0.7722,0.8829,1,0.8226,0.9012,0.4444,9.4136
p10,s1.cpp,p10,s42.cpp,1,0.4137931034482758,0.6017,0.9126,1,0.5565,0.9346,0.3618,7.9418
p10,s1.cpp,p10,s43.cpp,1,0.4292237442922374,0.5963,0.8529,1,0.6368,0.9007,0.4457,9.6974
p10,s1.cpp,p10,s44.cpp,1,0.4292237442922374,0.5963,0.8664,1,0.6368,0.9065,0.4324,9.0585
p10,s1.cpp,p10,s45.cpp,1,0.4466019417475728,0.6189,0.9048,1,0.5988,0.9279,0.3798,8.3164
p10,s1.cpp,p10,s46.cpp,1,0.4298245614035088,0.6537,0.8209,1,0.6392,0.9236,0.391,8.5914
p10,s1.cpp,p10,s47.cpp,1,0.5555555555555556,0.6506,0.8948,1,0.7454,0.9263,0.3839,8.4158
p10,s1.cpp,p10,s48.cpp,1,0.3669724770642202,0.6173,0.9021,1,0.592,0.9336,0.3645,8.0004
p10,s1.cpp,p10,s49.cpp,1,0.4358974358974359,0.6165,0.8351,1,0.6213,0.9115,0.4206,9.1552
p20,s1.cpp,p20,s10.cpp,1,1.0,0.9949,1.0,1,1.0,0.9982,0.0602,1.2248
p20,s1.cpp,p20,s11.cpp,1,1.0,1.0,1.0,1,0.9205,0.9677,0.2541,4.735
p20,s1.cpp,p20,s12.cpp,1,1.0,0.9694,1.0,1,1.0,0.9955,0.0944,1.9306
p20,s1.cpp,p20,s13.cpp,1,1.0,0.9949,1.0,1,1.0,0.9982,0.0602,1.2248
p20,s1.cpp,p20,s14.cpp,1,1.0,1.0,1.0,1,0.9205,0.9458,0.3293,4.5541
p20,s1.cpp,p20,s15.cpp,1,1.0,0.9677,1.0,1,1.0,0.9966,0.0826,1.6856
p20,s1.cpp,p20,s16.cpp,1,1.0,1.0,1.0,1,0.9205,0.9862,0.166,3.2786
p20,s1.cpp,p20,s17.cpp,1,1.0,0.9949,1.0,1,1.0,0.9966,0.0826,1.6856
p20,s1.cpp,p20,s18.cpp,1,1.0,0.9949,1.0,1,1.0,0.9982,0.0602,1.2248
p20,s1.cpp,p20,s19.cpp,1,1.0,1.0,1.0,1,1.0,0.9814,0.1926,3.8517
p20,s1.cpp,p20,s20.cpp,1,1.0,1.0,1.0,1,1.0,0.9319,0.3692,8.1384
p20,s1.cpp,p20,s21.cpp,1,1.0,0.9949,1.0,1,1.0,0.9669,0.2572,5.6498
p20,s1.cpp,p20,s22.cpp,1,1.0,1.0,1.0,1,1.0,0.9497,0.317,7.0079
p20,s1.cpp,p20,s23.cpp,1,1.0,1.0,1.0,1,0.9205,0.9217,0.3959,8.3805
p20,s1.cpp,p20,s24.cpp,1,1.0,0.9949,1.0,1,1.0,0.9444,0.3334,7.2777
p20,s1.cpp,p20,s25.cpp,1,1.0,0.9661,1.0,1,1.0,0.9428,0.3383,7.4341
p20,s1.cpp,p20,s26.cpp,1,1.0,1.0,1.0,1,0.9205,0.9147,0.4129,9.0312
p20,s1.cpp,p20,s27.cpp,1,1.0,0.9949,1.0,1,1.0,0.9485,0.3211,6.8008
p20,s1.cpp,p20,s28.cpp,1,1.0,1.0,1.0,1,1.0,0.9469,0.3258,6.8807
p20,s1.cpp,p20,s29.cpp,1,1.0,0.9949,1.0,1,1.0,0.9206,0.3984,8.6749
p20,s1.cpp,p20,s30.cpp,1,0.7857142857142857,0.8906,0.8303,1,0.9355,0.9857,0.1688,3.6887
p20,s1.cpp,p20,s31.cpp,1,0.9253731343283582,0.9264,1.0,1,0.9564,0.9563,0.2957,6.3197
p20,s1.cpp,p20,s32.cpp,1,1.0,0.9949,1.0,1,1.0,0.9206,0.3984,8.6749
p20,s1.cpp,p20,s33.cpp,1,0.9090909090909092,0.9351,1.0,1,0.9576,0.9702,0.2442,5.3501
p20,s1.cpp,p20,s34.cpp,1,0.9465648854961832,0.9545,1.0,1,0.9664,0.9595,0.2847,6.0925
p20,s1.cpp,p20,s35.cpp,1,0.762589928057554,0.8896,0.8142,1,0.9126,0.9625,0.2739,6.0754
p20,s1.cpp,p20,s36.cpp,1,0.9763779527559056,0.958,1.0,1,0.9792,0.9795,0.2025,4.2391
p20,s1.cpp,p20,s37.cpp,1,0.96875,0.9564,1.0,1,0.9752,0.9358,0.3583,7.746
p20,s1.cpp,p20,s38.cpp,1,0.8088235294117647,0.9241,0.8303,1,0.9444,0.9696,0.2467,5.3417
p20,s1.cpp,p20,s39.cpp,1,0.8088235294117647,0.9241,0.8303,1,0.9444,0.9186,0.4035,8.8626
p20,s1.cpp,p20,s40.cpp,1,1.0,0.9661,0.6441,1,1.0,0.954,0.3032,6.7769
p20,s1.cpp,p20,s41.cpp,1,0.9448818897637796,0.9289,0.6612,1,0.9489,0.9552,0.2995,6.447
p20,s1.cpp,p20,s42.cpp,1,0.5846153846153846,0.6194,0.6686,1,0.5384,0.8689,0.512,11.3095
p20,s1.cpp,p20,s43.cpp,1,1.0,1.0,0.6441,1,1.0,0.9413,0.3426,7.4716
p20,s1.cpp,p20,s44.cpp,1,0.7846153846153846,0.8418,0.7106,1,0.7669,0.9454,0.3305,7.1139
p20,s1.cpp,p20,s45.cpp,1,1.0,1.0,0.9716,1,1.0,0.9621,0.2754,6.0225
p20,s1.cpp,p20,s46.cpp,1,0.8099173553719008,0.8049,0.7587,1,0.656,0.9128,0.4176,9.0295
p20,s1.cpp,p20,s47.cpp,1,0.5806451612903226,0.6753,0.6601,1,0.7489,0.8923,0.4641,10.1678
p20,s1.cpp,p20,s48.cpp,1,0.7714285714285715,0.8978,0.6443,1,0.9101,0.9118,0.42,9.28
p20,s1.cpp,p20,s49.cpp,1,1.0,0.9949,0.6478,1,1.0,0.9038,0.4387,9.6667
p42,s1.cpp,p42,s10.cpp,1,1.0,0.963,1.0,1,1.0,1.0,0.0,0.0
p42,s1.cpp,p42,s11.cpp,1,0.920863309352518,0.963,1.0,1,0.9845,0.9972,0.0755,1.6025
p42,s1.cpp,p42,s12.cpp,1,1.0,1.0,1.0,1,1.0,0.9826,0.1863,3.9699
p42,s1.cpp,p42,s13.cpp,1,1.0,0.9953,1.0,1,1.0,0.9951,0.0988,2.0103
p42,s1.cpp,p42,s14.cpp,1,0.978102189781022,0.9615,1.0,1,0.9944,0.9998,0.022,0.4847
p42,s1.cpp,p42,s15.cpp,1,1.0,0.963,1.0,1,1.0,0.9985,0.054,1.1823
p42,s1.cpp,p42,s16.cpp,1,1.0,0.96,1.0,1,1.0,0.9995,0.0311,0.6875
p42,s1.cpp,p42,s17.cpp,1,0.8591549295774648,0.9493,1.0,1,0.9845,0.9977,0.0685,1.4632
p42,s1.cpp,p42,s18.cpp,1,0.978102189781022,0.9615,1.0,1,0.9944,0.9998,0.022,0.4847
p42,s1.cpp,p42,s19.cpp,1,1.0,1.0,1.0,1,0.8996,0.9124,0.4186,4.9305
p42,s1.cpp,p42,s20.cpp,1,1.0,1.0,1.0,1,1.0,0.8886,0.4721,10.2985
p42,s1.cpp,p42,s21.cpp,1,1.0,0.9721,1.0,1,1.0,0.9231,0.3922,8.4897
p42,s1.cpp,p42,s22.cpp,1,1.0,1.0,1.0,1,1.0,0.9275,0.3808,8.4602
p42,s1.cpp,p42,s23.cpp,1,1.0,1.0,1.0,1,1.0,0.9475,0.3242,7.2082
p42,s1.cpp,p42,s24.cpp,1,1.0,1.0,1.0,1,1.0,0.894,0.4604,10.0159
p42,s1.cpp,p42,s25.cpp,1,1.0,0.9721,1.0,1,1.0,0.9074,0.4304,9.5209
p42,s1.cpp,p42,s26.cpp,1,1.0,1.0,1.0,1,1.0,0.9277,0.3804,8.3606
p42,s1.cpp,p42,s27.cpp,1,1.0,0.9691,1.0,1,1.0,0.9172,0.4069,8.7688
p42,s1.cpp,p42,s28.cpp,1,1.0,1.0,1.0,1,1.0,0.9457,0.3295,7.334
p42,s1.cpp,p42,s29.cpp,1,1.0,0.9721,1.0,1,1.0,0.9327,0.3668,8.0391
p42,s1.cpp,p42,s30.cpp,1,0.8391608391608392,0.9161,0.9898,1,0.9242,0.9952,0.0979,2.1045
p42,s1.cpp,p42,s31.cpp,1,0.8391608391608392,0.9161,0.9898,1,0.9242,0.9952,0.0979,2.1045
p42,s1.cpp,p42,s32.cpp,1,0.8275862068965517,0.825,0.8849,1,0.8728,0.8659,0.5178,11.1456
p42,s1.cpp,p42,s33.cpp,1,0.8309859154929577,0.9061,0.9898,1,0.9219,0.9478,0.323,7.1549
p42,s1.cpp,p42,s34.cpp,1,0.8732394366197183,0.9452,0.9876,1,0.9401,0.9938,0.1114,2.3981
p42,s1.cpp,p42,s35.cpp,1,0.782608695652174,0.9102,0.9898,1,0.8848,0.8591,0.5308,11.5782
p42,s1.cpp,p42,s36.cpp,1,0.8811188811188811,0.9303,0.9898,1,0.9468,0.9913,0.1316,2.871
p42,s1.cpp,p42,s37.cpp,1,0.7236842105263158,0.77,0.8897,1,0.8276,0.8627,0.524,11.5522
p42,s1.cpp,p42,s38.cpp,1,0.8391608391608392,0.9083,0.9898,1,0.9318,0.9643,0.2672,5.9123
p42,s1.cpp,p42,s39.cpp,1,0.6712328767123288,0.858,0.9876,1,0.8759,0.854,0.5404,11.9845
p42,s1.cpp,p42,s40.cpp,1,0.6086956521739131,0.7737,0.8943,1,0.7447,0.9678,0.2538,5.562
p42,s1.cpp,p42,s41.cpp,1,0.6710526315789473,0.7602,0.6878,1,0.8876,0.9716,0.2383,4.8799
p42,s1.cpp,p42,s42.cpp,1,0.68,0.7493,0.5245,1,0.8175,0.9404,0.3451,7.5489
p42,s1.cpp,p42,s43.cpp,1,0.6710526315789473,0.7602,0.6878,1,0.8876,0.8915,0.4658,9.9996
p42,s1.cpp,p42,s44.cpp,1,0.60431654676259,0.7734,0.8943,1,0.7309,0.9194,0.4014,8.6643
p42,s1.cpp,p42,s45.cpp,1,0.68,0.7525,0.5245,1,0.8175,0.8967,0.4545,9.9114
p42,s1.cpp,p42,s46.cpp,1,0.5655172413793104,0.7758,0.8943,1,0.7326,0.9005,0.446,9.887
p42,s1.cpp,p42,s47.cpp,1,0.5949367088607594,0.7297,0.6769,1,0.8269,0.9024,0.4418,9.7027
p42,s1.cpp,p42,s48.cpp,1,0.6225165562913907,0.744,0.5879,1,0.7957,0.8882,0.4729,10.3023
p42,s1.cpp,p42,s49.cpp,1,0.5142857142857142,0.6182,0.7167,1,0.7299,0.8996,0.4482,9.8759
p45,s1.cpp,p45,s10.cpp,1,1.0,0.9933,1.0,1,1.0,1.0,0.0,0.0
p45,s1.cpp,p45,s11.cpp,1,0.9833333333333332,0.9752,1.0,1,1.0,0.9919,0.1272,2.5674
p45,s1.cpp,p45,s12.cpp,1,1.0,0.9731,1.0,1,1.0,0.9963,0.086,1.9009
p45,s1.cpp,p45,s13.cpp,1,1.0,0.9844,1.0,1,1.0,0.9972,0.0749,1.6896
p45,s1.cpp,p45,s14.cpp,1,1.0,0.9752,1.0,1,1.0,0.9287,0.3777,7.4228
p45,s1.cpp,p45,s15.cpp,1,1.0,1.0,1.0,1,1.0,0.996,0.0899,1.8049
p45,s1.cpp,p45,s16.cpp,1,1.0,0.9425,1.0,1,1.0,0.9968,0.0806,1.7519
p45,s1.cpp,p45,s17.cpp,1,0.9666666666666668,0.9621,0.858,1,0.9879,0.9981,0.061,1.1867
p45,s1.cpp,p45,s18.cpp,1,1.0,0.962,1.0,1,1.0,0.9988,0.0493,1.0644
p45,s1.cpp,p45,s19.cpp,1,1.0,0.9752,1.0,1,1.0,0.9977,0.0676,1.4297
p45,s1.cpp,p45,s20.cpp,1,1.0,0.9752,1.0,1,1.0,0.8873,0.4748,10.5374
p45,s1.cpp,p45,s21.cpp,1,1.0,0.9752,1.0,1,1.0,0.8518,0.5445,11.9959
p45,s1.cpp,p45,s22.cpp,1,1.0,0.9556,1.0,1,1.0,0.8904,0.4683,10.4149
p45,s1.cpp,p45,s23.cpp,1,1.0,0.9752,1.0,1,1.0,0.9539,0.3037,6.6146
p45,s1.cpp,p45,s24.cpp,1,1.0,0.9752,1.0,1,1.0,0.9198,0.4005,8.7722
p45,s1.cpp,p45,s25.cpp,1,1.0,0.9752,1.0,1,1.0,0.8999,0.4474,9.7631
p45,s1.cpp,p45,s26.cpp,1,1.0,0.9933,1.0,1,1.0,0.9263,0.384,8.4248
p45,s1.cpp,p45,s27.cpp,1,1.0,0.9752,1.0,1,1.0,0.9628,0.2726,6.0154
p45,s1.cpp,p45,s28.cpp,1,0.9243697478991596,0.9312,1.0,1,0.9559,0.8392,0.5672,12.1549
p45,s1.cpp,p45,s29.cpp,1,1.0,0.9446,1.0,1,1.0,0.8729,0.5041,11.1701
p45,s1.cpp,p45,s30.cpp,1,0.8305084745762712,0.9396,0.7585,1,0.909,0.9945,0.1044,2.2606
p45,s1.cpp,p45,s31.cpp,1,0.8305084745762712,0.9357,0.7585,1,0.909,0.886,0.4775,10.4639
p45,s1.cpp,p45,s32.cpp,1,0.9508196721311476,0.9053,0.7477,1,0.9273,0.977,0.2145,4.5323
p45,s1.cpp,p45,s33.cpp,1,0.8062015503875969,0.8968,0.7956,1,0.8782,0.9865,0.1641,3.5899
p45,s1.cpp,p45,s34.cpp,1,0.8062015503875969,0.8968,0.7956,1,0.8782,0.9865,0.1641,3.5899
p45,s1.cpp,p45,s35.cpp,1,0.9322033898305084,0.9446,1.0,1,0.9541,0.945,0.3315,7.285
p45,s1.cpp,p45,s36.cpp,1,0.8548387096774194,0.9006,0.7977,1,0.884,0.987,0.1611,3.5964
p45,s1.cpp,p45,s37.cpp,1,0.9243697478991596,0.9312,1.0,1,0.9559,0.8711,0.5077,10.1653
p45,s1.cpp,p45,s38.cpp,1,0.957983193277311,0.9328,0.8812,1,0.9471,0.9921,0.1255,2.7063
p45,s1.cpp,p45,s39.cpp,1,0.8067226890756303,0.9067,0.7596,1,0.9021,0.9003,0.4465,9.664
p45,s1.cpp,p45,s40.cpp,1,0.768,0.8643,0.7495,1,0.8667,0.9416,0.3419,7.5062
p45,s1.cpp,p45,s41.cpp,1,0.6015037593984962,0.7641,0.5539,1,0.8456,0.8815,0.4869,10.6708
p45,s1.cpp,p45,s42.cpp,1,0.6,0.6632,0.6786,1,0.7583,0.8777,0.4945,10.8758
p45,s1.cpp,p45,s43.cpp,1,0.7833333333333333,0.8771,0.7214,1,0.8621,0.8856,0.4783,10.6255
p45,s1.cpp,p45,s44.cpp,1,0.5671641791044776,0.7451,0.5539,1,0.8456,0.8823,0.4852,10.627
p45,s1.cpp,p45,s45.cpp,1,0.618421052631579,0.6655,0.6786,1,0.7752,0.8395,0.5666,12.6453
p45,s1.cpp,p45,s46.cpp,1,0.7833333333333333,0.8734,0.7214,1,0.8621,0.934,0.3633,7.9126
p45,s1.cpp,p45,s47.cpp,1,0.8034188034188035,0.8803,0.7214,1,0.8765,0.9576,0.291,6.3729
p45,s1.cpp,p45,s48.cpp,1,0.6949152542372882,0.8879,0.7571,1,0.849,0.9246,0.3883,8.5967
p45,s1.cpp,p45,s49.cpp,1,0.656,0.8529,0.7661,1,0.828,0.8961,0.4559,9.9439
p53,s1.cpp,p53,s10.cpp,1,1.0,1.0,1.0,1,1.0,0.9799,0.2004,4.2286
p53,s1.cpp,p53,s11.cpp,1,1.0,0.9454,1.0,1,1.0,0.9905,0.1376,3.0158
p53,s1.cpp,p53,s12.cpp,1,0.9523809523809524,0.9474,1.0,1,0.877,0.9671,0.2565,3.8721
p53,s1.cpp,p53,s13.cpp,1,1.0,0.9479,1.0,1,1.0,0.9941,0.1086,2.2991
p53,s1.cpp,p53,s14.cpp,1,1.0,0.9454,1.0,1,1.0,0.9993,0.0362,0.7843
p53,s1.cpp,p53,s15.cpp,1,1.0,0.9587,1.0,1,1.0,0.9952,0.0979,2.0666
p53,s1.cpp,p53,s16.cpp,1,1.0,0.9351,1.0,1,1.0,0.9993,0.0362,0.7843
p53,s1.cpp,p53,s17.cpp,1,1.0,0.9529,1.0,1,0.8784,0.9526,0.3077,4.4545
p53,s1.cpp,p53,s18.cpp,1,1.0,0.9529,1.0,1,1.0,0.9979,0.0641,1.3927
p53,s1.cpp,p53,s19.cpp,1,1.0,0.9479,1.0,1,1.0,1.0,0.0,0.0
p53,s1.cpp,p53,s20.cpp,1,1.0,0.9558,1.0,1,1.0,0.9648,0.2653,5.6852
p53,s1.cpp,p53,s21.cpp,1,0.9213483146067416,0.9105,0.9865,1,0.9369,0.9232,0.3919,8.4132
p53,s1.cpp,p53,s22.cpp,1,1.0,0.9529,1.0,1,1.0,0.9352,0.3599,7.5545
p53,s1.cpp,p53,s23.cpp,1,1.0,0.9558,1.0,1,1.0,0.9641,0.2679,5.7919
p53,s1.cpp,p53,s24.cpp,1,1.0,0.9529,1.0,1,1.0,0.933,0.3661,8.005
p53,s1.cpp,p53,s25.cpp,1,0.8314606741573034,0.8689,0.3665,1,0.8737,0.9485,0.3209,7.0395
p53,s1.cpp,p53,s26.cpp,1,1.0,0.9529,1.0,1,1.0,0.9223,0.3942,8.6244
p53,s1.cpp,p53,s27.cpp,1,1.0,0.9529,1.0,1,1.0,0.945,0.3318,7.1622
p53,s1.cpp,p53,s28.cpp,1,0.9523809523809524,0.9444,1.0,1,0.9756,0.9442,0.3342,7.1743
p53,s1.cpp,p53,s29.cpp,1,0.7865168539325843,0.8653,0.3665,1,0.8659,0.9125,0.4184,8.9142
p53,s1.cpp,p53,s30.cpp,1,0.7529411764705882,0.863,0.4539,1,0.8146,0.961,0.2792,5.9257
p53,s1.cpp,p53,s31.cpp,1,0.8351648351648352,0.8747,1.0,1,0.9203,0.9431,0.3372,7.3243
p53,s1.cpp,p53,s32.cpp,1,0.6741573033707865,0.9106,1.0,1,0.8065,0.9521,0.3094,6.7989
p53,s1.cpp,p53,s33.cpp,1,0.9333333333333332,0.8439,0.4479,1,0.8376,0.9393,0.3483,7.5406
p53,s1.cpp,p53,s34.cpp,1,0.9411764705882352,0.9418,1.0,1,1.0,0.9519,0.3103,6.7982
p53,s1.cpp,p53,s35.cpp,1,0.7529411764705882,0.8601,0.4539,1,0.8146,0.9542,0.3028,6.5066
p53,s1.cpp,p53,s36.cpp,1,0.8,0.8521,0.3552,1,0.8713,0.8922,0.4644,9.855
p53,s1.cpp,p53,s37.cpp,1,0.8275862068965517,0.8229,0.4479,1,0.8498,0.9424,0.3395,7.3728
p53,s1.cpp,p53,s38.cpp,1,0.7741935483870968,0.8653,0.4539,1,0.7693,0.8692,0.5116,10.6404
p53,s1.cpp,p53,s39.cpp,1,0.735632183908046,0.8308,0.4539,1,0.7443,0.9137,0.4154,9.123
p53,s1.cpp,p53,s40.cpp,1,0.6436781609195402,0.7768,1.0,1,0.8094,0.9015,0.4438,9.4304
p53,s1.cpp,p53,s41.cpp,1,0.6436781609195402,0.7768,1.0,1,0.8094,0.9517,0.3108,6.5032
p53,s1.cpp,p53,s42.cpp,1,0.5190839694656488,0.5383,0.188,1,0.7219,0.7816,0.661,14.2798
p53,s1.cpp,p53,s43.cpp,1,0.9523809523809524,0.9385,1.0,1,0.9756,0.9276,0.3805,8.2454
p53,s1.cpp,p53,s44.cpp,1,0.3877551020408163,0.6768,0.2409,1,0.648,0.8824,0.4851,10.7775
p53,s1.cpp,p53,s45.cpp,1,0.813953488372093,0.8698,1.0,1,0.9059,0.9574,0.2917,5.9543
p53,s1.cpp,p53,s46.cpp,1,0.5190839694656488,0.543,0.188,1,0.7219,0.7541,0.7012,15.0936
p53,s1.cpp,p53,s47.cpp,1,0.5842696629213483,0.7249,0.426,1,0.7409,0.9483,0.3215,6.3966
p53,s1.cpp,p53,s48.cpp,1,0.8433734939759037,0.9385,1.0,1,0.877,0.9374,0.354,6.6539
p53,s1.cpp,p53,s49.cpp,1,0.3877551020408163,0.6834,0.2409,1,0.648,0.8311,0.5812,12.737
p70,s1.cpp,p70,s10.cpp,1,1.0,0.9605,1.0,1,1.0,0.9973,0.0741,1.5046
p70,s1.cpp,p70,s11.cpp,1,1.0,1.0,1.0,1,1.0,0.9984,0.0569,1.2466
p70,s1.cpp,p70,s12.cpp,1,1.0,1.0,1.0,1,1.0,0.9951,0.0992,2.235
p70,s1.cpp,p70,s13.cpp,1,1.0,0.99,1.0,1,1.0,0.9982,0.0607,1.1875
p70,s1.cpp,p70,s14.cpp,1,1.0,1.0,1.0,1,1.0,0.9774,0.2124,4.2421
p70,s1.cpp,p70,s15.cpp,1,1.0,0.9701,1.0,1,1.0,1.0,0.0,0.0
p70,s1.cpp,p70,s16.cpp,1,1.0,0.9419,1.0,1,1.0,0.9936,0.1131,2.3708
p70,s1.cpp,p70,s17.cpp,1,1.0,0.9637,1.0,1,1.0,0.9973,0.0741,1.5046
p70,s1.cpp,p70,s18.cpp,1,1.0,1.0,1.0,1,1.0,0.9984,0.0569,1.2466
p70,s1.cpp,p70,s19.cpp,1,1.0,0.9605,1.0,1,1.0,0.9985,0.0555,1.2288
p70,s1.cpp,p70,s20.cpp,1,1.0,1.0,1.0,1,1.0,0.8894,0.4704,10.3402
p70,s1.cpp,p70,s21.cpp,1,1.0,0.9733,1.0,1,1.0,0.9075,0.4301,9.4058
p70,s1.cpp,p70,s22.cpp,1,1.0,1.0,1.0,1,1.0,0.8693,0.5113,11.1494
p70,s1.cpp,p70,s23.cpp,1,1.0,1.0,1.0,1,1.0,0.8392,0.5671,12.2848
p70,s1.cpp,p70,s24.cpp,1,1.0,1.0,1.0,1,1.0,0.959,0.2865,6.2092
p70,s1.cpp,p70,s25.cpp,1,1.0,0.9637,1.0,1,1.0,0.8238,0.5936,13.2443
p70,s1.cpp,p70,s26.cpp,1,1.0,1.0,1.0,1,1.0,0.9316,0.3698,8.1877
p70,s1.cpp,p70,s27.cpp,1,1.0,0.9637,1.0,1,1.0,0.8739,0.5023,11.0466
p70,s1.cpp,p70,s28.cpp,1,1.0,1.0,1.0,1,1.0,0.8431,0.5602,12.0383
p70,s1.cpp,p70,s29.cpp,1,1.0,0.9701,1.0,1,1.0,0.7896,0.6487,14.0958
p70,s1.cpp,p70,s30.cpp,1,0.8533333333333334,0.9533,1.0,1,0.963,0.9968,0.0805,1.7642
p70,s1.cpp,p70,s31.cpp,1,0.8108108108108109,0.9226,1.0,1,0.9144,0.9735,0.2302,5.17
p70,s1.cpp,p70,s32.cpp,1,0.8533333333333334,0.9439,1.0,1,0.963,0.9123,0.4188,9.2424
p70,s1.cpp,p70,s33.cpp,1,0.9,0.9172,1.0,1,0.9351,0.936,0.3578,7.9702
p70,s1.cpp,p70,s34.cpp,1,1.0,0.929,1.0,1,0.9673,0.9861,0.1669,3.616
p70,s1.cpp,p70,s35.cpp,1,0.8051948051948052,0.9189,1.0,1,0.954,0.8803,0.4893,10.6288
p70,s1.cpp,p70,s36.cpp,1,0.961038961038961,0.8862,1.0,1,0.9147,0.9236,0.3909,8.6974
p70,s1.cpp,p70,s37.cpp,1,0.7560975609756098,0.9108,1.0,1,0.9014,0.9226,0.3935,8.7629
p70,s1.cpp,p70,s38.cpp,1,0.7631578947368421,0.9195,1.0,1,0.9253,0.9014,0.4441,9.9423
p70,s1.cpp,p70,s39.cpp,1,0.8641975308641975,0.8159,1.0,1,0.8922,0.9216,0.3959,8.7411
p70,s1.cpp,p70,s40.cpp,1,0.5681818181818182,0.6994,0.7367,1,0.8518,0.864,0.5215,11.5496
p70,s1.cpp,p70,s41.cpp,1,0.4888888888888889,0.6934,0.636,1,0.7586,0.8217,0.5972,13.1463
p70,s1.cpp,p70,s42.cpp,1,0.6666666666666666,0.7193,0.7367,1,0.8749,0.9117,0.4203,9.2572
p70,s1.cpp,p70,s43.cpp,1,0.6382978723404256,0.6971,0.7367,1,0.873,0.9083,0.4283,9.5949
p70,s1.cpp,p70,s44.cpp,1,0.5681818181818182,0.7135,0.7367,1,0.856,0.8481,0.5511,12.1856
p70,s1.cpp,p70,s45.cpp,1,0.5576923076923077,0.5877,0.8259,1,0.8421,0.8156,0.6074,13.5343
p70,s1.cpp,p70,s46.cpp,1,0.5773195876288659,0.6188,0.7333,1,0.7863,0.8428,0.5607,12.3951
p70,s1.cpp,p70,s47.cpp,1,0.4554455445544554,0.6158,0.8053,1,0.7998,0.7808,0.662,14.356
p70,s1.cpp,p70,s48.cpp,1,0.5681818181818182,0.7014,0.7367,1,0.8518,0.906,0.4337,9.6197
p70,s1.cpp,p70,s49.cpp,1,0.4888888888888889,0.6914,0.636,1,0.7586,0.8342,0.5759,12.6178
p3093,s1.cpp,p3093,s10.cpp,1,0.9893992932862192,0.981,1.0,1,1.0,0.9995,0.033,0.6998
p3093,s1.cpp,p3093,s11.cpp,1,0.9893992932862192,0.9859,1.0,1,0.8965,0.9922,0.1252,2.3838
p3093,s1.cpp,p3093,s12.cpp,1,0.9893992932862192,0.9859,1.0,1,1.0,0.9953,0.0966,1.952
p3093,s1.cpp,p3093,s13.cpp,1,0.9893992932862192,0.9853,1.0,1,1.0,0.9955,0.0945,1.8319
p3093,s1.cpp,p3093,s14.cpp,1,0.9893992932862192,0.9859,1.0,1,1.0,0.9983,0.0591,1.2298
p3093,s1.cpp,p3093,s15.cpp,1,0.9893992932862192,0.9859,1.0,1,1.0,0.9936,0.1134,2.2799
p3093,s1.cpp,p3093,s16.cpp,1,0.9893992932862192,0.9803,1.0,1,0.9863,0.9944,0.106,2.3141
p3093,s1.cpp,p3093,s17.cpp,1,0.9681978798586572,0.9841,1.0,1,1.0,0.9939,0.1106,2.2217
p3093,s1.cpp,p3093,s18.cpp,1,1.0,0.9982,1.0,1,1.0,0.997,0.078,1.5575
p3093,s1.cpp,p3093,s19.cpp,1,0.9574468085106383,0.9853,1.0,1,1.0,0.9951,0.0987,2.0017
p3093,s1.cpp,p3093,s20.cpp,1,0.9893992932862192,0.9859,1.0,1,1.0,0.9314,0.3703,7.8516
p3093,s1.cpp,p3093,s21.cpp,1,0.9893992932862192,0.9859,1.0,1,0.8965,0.8721,0.5058,11.1468
p3093,s1.cpp,p3093,s22.cpp,1,0.9893992932862192,0.9859,1.0,1,1.0,0.8826,0.4845,10.4796
p3093,s1.cpp,p3093,s23.cpp,1,0.9893992932862192,0.9859,1.0,1,1.0,0.8869,0.4756,10.389
p3093,s1.cpp,p3093,s24.cpp,1,0.9893992932862192,0.9859,1.0,1,1.0,0.8807,0.4885,10.6904
p3093,s1.cpp,p3093,s25.cpp,1,0.9893992932862192,0.9859,1.0,1,1.0,0.8768,0.4965,10.8433
p3093,s1.cpp,p3093,s26.cpp,1,0.9893992932862192,0.9859,1.0,1,1.0,0.8929,0.4628,10.0331
p3093,s1.cpp,p3093,s27.cpp,1,0.9893992932862192,0.9859,1.0,1,1.0,0.8852,0.4791,10.2731
p3093,s1.cpp,p3093,s28.cpp,1,0.9893992932862192,0.9859,1.0,1,1.0,0.8697,0.5105,10.6823
p3093,s1.cpp,p3093,s29.cpp,1,0.9893992932862192,0.9859,1.0,1,1.0,0.8849,0.4798,10.5107
p3093,s1.cpp,p3093,s30.cpp,1,0.8540925266903915,0.9422,0.921,1,0.9213,0.9153,0.4116,9.0954
p3093,s1.cpp,p3093,s31.cpp,1,0.8783783783783784,0.9378,0.9546,1,0.9267,0.986,0.1671,3.6904
p3093,s1.cpp,p3093,s32.cpp,1,0.8450704225352113,0.9367,0.9211,1,0.9149,0.9157,0.4106,8.9808
p3093,s1.cpp,p3093,s33.cpp,1,0.8928571428571429,0.9557,0.9243,1,0.9512,0.9335,0.3647,7.9104
p3093,s1.cpp,p3093,s34.cpp,1,0.8732394366197183,0.9535,0.9243,1,0.9256,0.968,0.2532,5.6017
p3093,s1.cpp,p3093,s35.cpp,1,0.8480565371024735,0.9434,0.921,1,0.9196,0.9452,0.331,7.0034
p3093,s1.cpp,p3093,s36.cpp,1,0.9444444444444444,0.9497,0.9201,1,0.961,0.9647,0.2656,5.6248
p3093,s1.cpp,p3093,s37.cpp,1,0.8904593639575972,0.959,0.9243,1,0.944,0.9032,0.4401,9.7737
p3093,s1.cpp,p3093,s38.cpp,1,0.8896797153024911,0.9614,0.9238,1,0.9463,0.9664,0.2592,5.5972
p3093,s1.cpp,p3093,s39.cpp,1,0.9571428571428572,0.9703,0.9201,1,0.9843,0.9178,0.4055,8.7725
p3093,s1.cpp,p3093,s40.cpp,1,0.5725190839694656,0.7047,0.8442,1,0.8061,0.8788,0.4924,10.2761
p3093,s1.cpp,p3093,s41.cpp,1,0.6441947565543071,0.7572,0.8775,1,0.8426,0.8794,0.4911,10.3728
p3093,s1.cpp,p3093,s42.cpp,1,0.5977859778597786,0.7158,0.9055,1,0.8028,0.8499,0.5479,11.6773
p3093,s1.cpp,p3093,s43.cpp,1,0.5535055350553506,0.6804,0.8773,1,0.7907,0.8724,0.5052,10.4027
p3093,s1.cpp,p3093,s44.cpp,1,0.6311475409836066,0.7228,0.8842,1,0.7702,0.8379,0.5695,12.0612
p3093,s1.cpp,p3093,s45.cpp,1,0.5801526717557252,0.6576,0.87,1,0.8003,0.8645,0.5206,10.9674
p3093,s1.cpp,p3093,s46.cpp,1,0.5647058823529412,0.6597,0.7808,1,0.7388,0.8415,0.5631,12.4336
p3093,s1.cpp,p3093,s47.cpp,1,0.5809128630705395,0.6085,0.8705,1,0.7879,0.85,0.5477,11.3416
p3093,s1.cpp,p3093,s48.cpp,1,0.5606694560669456,0.651,0.0,0,0.7154,0.8569,0.5349,11.2591
p3093,s1.cpp,p3093,s49.cpp,1,0.4848484848484848,0.6382,0.8754,1,0.7752,0.8516,0.5447,11.3335